N,P,K,temperature,humidity,ph,rainfall,label
14,58,17,30.53684308,59.96664731,4.605700542,33.48919022,mothbeans
60,59,22,31.86847286,66.74217464,7.191522601,74.22238583,blackgram
82,40,45,26.21312799,81.70476368,6.667633355,180.1237765,jute
33,12,8,25.26052689,90.31153735,6.822282114,117.36952959999998,orange
71,60,22,26.07470121,59.37147589,6.2048017,85.75692395,maize
111,50,15,25.16820129,80.30351815,7.884550475,84.62419032,cotton
6,63,23,26.01630259,49.94704718,5.906596905,160.33374469999995,pigeonpeas
26,126,195,21.41363812,92.99124545,5.878568981,118.39790649999999,apple
38,141,198,13.05809741,80.28297993,5.757009965,70.75633584,grapes
89,83,47,28.09577643,77.79586769,5.63127166,109.54086140000001,banana
87,28,30,25.60153969,68.66257977,6.536676653,168.8383605,coffee
50,74,17,27.10053268,63.36085585,6.5408208,73.84949872,blackgram
83,41,43,21.0525355,82.67839517,6.254028451,233.1075816,rice
40,29,42,24.63228709,89.01574455,7.1040949289999995,110.69561840000001,pomegranate
40,63,18,30.41588462,67.66323804,6.74441168,63.02473185,blackgram
91,21,50,24.33528185,81.44030363,6.762030215,48.32113628,watermelon
37,73,21,29.50304807,63.46513414,5.560224582999999,189.5208915,pigeonpeas
13,126,204,23.1094265,92.79630809,6.3831802710000005,108.183792,apple
37,79,19,27.54384835,69.3478631,7.143942758,69.40878198,blackgram
39,69,53,25.9300384,93.02357765,6.964955435,241.82020789999999,papaya
35,30,34,28.297476399999997,95.41122824,6.141502001,182.4482352,coconut
52,58,16,30.64095781,61.14508627,7.167435834,71.36947525,blackgram
90,57,24,18.92851916,72.80086137,6.158860284,82.34162918,maize
106,14,45,24.47018505,84.16390229,6.417011754,57.26773002,watermelon
6,59,21,26.58972517,66.14007674,6.139215944,50.90994463,lentil
15,140,195,13.28504331,83.54193816,5.69945282,65.80006004,grapes
29,132,204,23.08950736,90.22507299,6.0967531,108.2166601,apple
35,38,19,25.32688786,63.18180319,9.112771682,32.71129281,mothbeans
93,91,47,27.84767901,83.31110751,6.101241579,117.2878912,banana
25,76,17,31.74105409,68.63525428,7.241148507,62.3061735,blackgram
92,7,48,26.27520631,86.63249555,6.956508826,54.38748495,watermelon
35,80,25,28.09269012,44.93322042,4.895927306,197.11440109999998,pigeonpeas
98,44,21,25.77175115,74.089114,6.524478032,107.49319170000001,maize
5,19,25,27.351105600000004,54.43945147,6.441328044,96.27792547,mango
36,54,46,42.54744013,94.94482086,6.662875839,214.41038480000003,papaya
98,18,27,27.56088634,68.49299897,6.516312148,167.43580749999995,coffee
34,66,19,32.97030511,60.18122078,7.586642101,73.44678678,blackgram
36,58,25,28.66024187,59.3189118,8.399135957999999,36.92629678,mothbeans
26,66,22,18.06486101,65.1034354,6.300479414,51.54922825,lentil
36,66,15,30.08545364,69.34811988,6.668238556,67.1367443,blackgram
93,94,53,25.86632408,84.42379269,6.079178787999999,114.5357503,banana
29,17,29,29.20394909,95.66997327,5.959493188,211.2506267,coconut
121,47,16,23.60564038,79.29573149,7.7232401510000015,72.49800885,cotton
37,24,13,19.14381903,90.71037456,7.8546243,108.02307920000001,orange
28,68,19,34.63880966,61.38597868,7.69950698,72.43169115,blackgram
85,22,53,25.96534238,89.77076659,6.849471704,59.46338556,watermelon
119,7,55,26.03867719,84.6378378,6.031424482,44.3993381,watermelon
9,59,25,30.39321309,60.16299493,7.699200949,35.37493212,mothbeans
136,36,20,23.09595631,84.86275707,6.925412377000001,71.29581071,cotton
22,42,22,25.54249137,56.96640758,7.887658711,48.46797044,mothbeans
92,85,51,29.22118628,81.08183635,5.740764682000001,108.86164740000001,banana
40,5,29,28.48444906,97.76865458,5.820978791,160.389421,coconut
28,46,16,29.008124,84.96089355,6.6641878089999995,45.91011391,mungbean
36,133,198,25.51939719,83.98351748,6.2286454,69.17281221,grapes
28,45,23,29.65021184,80.29868321,6.489259136,56.76278363,mungbean
40,78,20,19.18572809,20.83398341,5.669236258,80.15293435,kidneybeans
55,78,21,33.39438752,62.93692886,6.602888248999999,63.57445989,blackgram
19,57,23,23.6734328,47.2879691,7.342409555,141.12507219999995,pigeonpeas
11,124,204,13.42988625,80.06633966,6.361141107000001,71.40043037,grapes
24,70,16,25.17885316,68.93307305,6.54803469,35.03484812,lentil
23,62,19,16.51783455,20.4555596,5.609435127999999,98.77794225,kidneybeans
11,36,31,27.92063282,51.77965917,6.47544932,100.2585673,mango
110,22,47,29.03157242,91.82172592,6.243673725,24.93861254,muskmelon
23,7,34,26.105511800000002,91.52421214,5.852038202,134.1279669,coconut
0,17,42,23.20242586,91.19442671,6.8598408210000015,109.09463229999999,pomegranate
86,40,39,25.72100868,88.16513579,6.207459637,175.60866969999995,jute
118,15,45,24.21495706,84.20576992,6.538006356,48.01138482,watermelon
99,6,45,26.12588914,86.5507939,6.000975617000001,40.71210074,watermelon
95,88,52,28.00316034,78.90085998,6.235461772000001,94.68180316,banana
19,24,15,20.48954522,93.72485075,7.137136973,111.83919509999998,orange
100,76,45,25.56703012,75.94067692,5.590236025,102.7867717,banana
81,30,48,28.52379742,92.09688432,6.041027474,29.86681385,muskmelon
58,75,25,25.25596239,61.36669662,7.261791753,68.64685069,blackgram
15,125,199,18.426993600000007,80.55625868,5.569230319,69.75734306,grapes
36,65,80,18.2872007,16.67921616,6.051091339,74.87445574,chickpea
90,16,45,24.92093261,80.61750795,6.291540277999999,50.55710813,watermelon
120,24,47,26.98603693,89.4138489,6.260838965,58.54876687,watermelon
111,39,22,22.60361557,80.35090459999998,6.135025006,88.57395505,cotton
6,48,24,28.6362812,84.61431076,6.7907363389999995,48.48319335,mungbean
23,138,195,22.49095104,91.70292746,5.7959857160000015,124.3915101,apple
31,79,75,18.820225100000002,16.1074793,8.204862075,89.73119396,chickpea
5,59,15,18.87492997,20.18238348,5.97229163,134.1811718,kidneybeans
121,53,19,23.51308653,76.72621429,7.976889497999999,80.11272117,cotton
40,16,35,34.16438906,54.16482251,4.954739564,98.33351125,mango
114,27,48,27.82054812,93.03555162,6.528404377999999,26.32405487,muskmelon
20,27,41,20.51343484,92.51675903,5.700088663,110.5764023,pomegranate
42,58,25,27.45853567,62.90020977,6.513620917999999,69.46020927,blackgram
91,35,38,24.8972823,80.52586088,6.13428721,183.6793207,rice
16,10,41,24.77464458,85.63608688,6.738993954,105.7595811,pomegranate
38,68,54,29.33710543,90.81781439,6.739170045,202.0572747,papaya
32,138,197,9.535585543,80.73112694,5.908724337000001,69.44115171,grapes
41,74,18,28.75751783,61.02701476,6.599147297999999,73.37686831,blackgram
40,144,196,22.71750705,92.25479855,5.987262638,107.0289866,apple
39,52,53,32.51247398,94.65904123,6.704204398,51.07048113,papaya
25,132,198,22.31944084,90.85174383,5.732757516,100.1173443,apple
42,53,48,23.11407669,94.31994776,6.7584795689999995,231.51531609999998,papaya
11,72,22,29.37735586,44.82294584,6.842744374,172.40168,pigeonpeas
19,38,26,31.48451729,48.77926304,4.525722333,93.17221967,mango
23,65,20,23.0429097,22.42610972,5.833940084,108.3684316,kidneybeans
98,47,37,23.48381344,81.33265073,7.375482851,224.0581164,rice
123,44,21,25.78544484,75.00539324,7.6411165689999985,91.39578861,cotton
36,44,21,25.12528913,51.33189406,4.516154055,38.48678973,mothbeans
60,51,36,22.69657794,82.81088865,6.028321557999999,256.9964761,rice
9,8,15,14.34320488,94.35734702,7.994465371,110.22231229999998,orange
100,40,35,27.56441788,54.41094079,6.9557873510000015,177.816092,coffee
9,29,34,29.38471637,45.88744691,5.72742254,100.8124659,mango
95,75,50,28.08166093,75.26429821,5.623615687000001,118.2761894,banana
14,121,203,9.724457611,83.74765639,6.1586894060000015,74.46411148,grapes
101,17,47,29.49401389,94.72981338,6.185053234,26.30820876,muskmelon
40,58,75,18.59190771,14.77959596,7.168096055,89.60982451,chickpea
63,35,16,22.02720976,65.35549924,6.272417541,83.73280082,maize
67,68,49,35.26824831,92.38282957,6.8217745889999994,149.8488208,papaya
126,37,21,25.84997269,84.16855231,6.61448588,77.03421249,cotton
18,19,27,27.75518664,52.34605806,4.772385986000001,94.11213345,mango
117,51,15,22.9535715,78.71555832,6.0445565939999994,99.75336197,cotton
82,77,46,28.9470467,82.1888998,5.901100841,95.83016448,banana
53,73,77,19.71359733,18.09665739,7.325451279,73.64476535,chickpea
26,52,23,29.98835437,49.60384796,4.931890506,52.92929636,mothbeans
4,19,43,18.07132963,93.14554876,5.7794274020000005,106.3602023,pomegranate
33,14,8,21.03200078,92.9641969,7.684420446,110.6823944,orange
22,60,85,18.8392908,14.74071856,7.811997977000001,94.78189594,chickpea
34,9,36,22.812264499999998,86.34233767,6.276038961,110.44322930000001,pomegranate
39,42,20,29.3499706,61.25353851,8.055908857999999,40.82840673,mothbeans
19,72,15,28.83600962,69.76112921,6.890760124,44.08562546,lentil
17,29,26,26.14162144,93.28415295,6.071897347,195.41150249999998,coconut
21,39,20,28.14448546,82.1193047,7.064782137999999,46.75690086,mungbean
33,138,198,22.29423493,90.69033986,6.222390797999999,122.7418744,apple
6,18,37,19.65690085,89.93701023,5.937649577999999,108.0458926,pomegranate
40,140,195,14.97846952,80.49979873,6.2943956760000015,71.63437433,grapes
32,130,196,40.66012294,81.24995984,6.372959542,74.03030056,grapes
34,35,21,28.44524991,82.67639542,6.684381357,58.18713162,mungbean
0,70,21,36.30049702,56.03021253,4.6724370539999995,101.6073988,pigeonpeas
105,60,23,23.53371386,77.21705554,6.207652157,87.54004943,cotton
16,14,30,29.70931288,96.30484325,6.37466756,209.84539930000003,coconut
23,6,33,29.18032562,92.73041222,6.025789594,204.96036769999998,coconut
27,13,6,13.36050601,91.35608208,7.335158382,111.2266885,orange
78,42,42,20.13017482,81.60487287,7.628472891,262.7173405,rice
112,39,29,26.12492233,63.37479229,6.726528895,147.8035305,coffee
100,56,40,26.38905406,83.31240346,7.433313409,176.1516409,jute
9,56,17,26.13708256,66.7729209,6.261937875,46.48280681,lentil
74,49,38,23.31410442,71.4509053,7.4880144039999985,164.49703730000004,jute
116,71,47,27.57278064,82.0638878,6.435785799,91.34276507,banana
12,31,26,35.7877738,51.94190321,5.395275719,100.2160615,mango
29,72,24,23.17409556,36.67847052,6.962386495,162.5931264,pigeonpeas
13,61,24,18.29783597,69.6897615,7.629910252999999,49.39111479,lentil
7,16,9,18.87957654,92.04304496,7.813916602999999,114.6659511,orange
17,16,14,16.39624284,92.18151927,6.625538653,102.944161,orange
91,84,52,29.14827211,78.71024836,6.390741836,117.536781,banana
15,27,28,33.80398664,46.12866113,4.507523551,90.82549241,mango
9,48,20,29.66461594,84.28187572,6.377568542000001,56.09542002,mungbean
122,59,18,23.5000992,83.63488952,6.219469084,79.81328183,cotton
73,45,21,24.60532218,73.58868502,6.636803222999999,96.59195302,maize
2,120,203,23.12652652,94.71203306,5.893492998999999,108.62118329999998,apple
90,39,37,24.81441246,81.68688879,6.86106911,190.78863859999998,jute
87,23,28,26.22367404,62.26594559,6.979590627,193.7461968,coffee
21,9,40,24.51147697,90.64498715,5.956401828,105.62099540000001,pomegranate
18,55,23,21.9989826,56.31006755,6.98571967,136.82743119999998,pigeonpeas
11,36,33,35.99009679,52.22780489,5.978634285,95.3713484,mango
8,26,36,18.78359608,87.4024767,6.804781106,102.51847590000001,pomegranate
11,132,197,15.99050693,81.23966573,5.7343170070000005,74.40198861,grapes
92,44,16,18.87751445,65.76816093,6.082973754,94.76189431,maize
88,35,40,23.57943626,83.58760316,5.85393208,291.2986618000001,rice
60,55,40,24.9949957,88.95692783,7.02777956,151.4935635,jute
115,11,46,24.41592661,89.39655519,6.623167177000001,40.32161859,watermelon
106,49,24,23.03887865,76.47039772,6.983395572999999,90.64770699,cotton
68,41,16,21.77689322,57.80840636,6.158830619,102.0861694,maize
89,57,43,26.91515043,73.19897535,6.998787171,177.22330480000005,jute
10,59,22,28.60901145,86.99495766,7.1556850160000005,36.94616965,mungbean
67,35,22,23.30546753,63.24648023,6.385684213999999,108.7603001,maize
97,36,45,22.2286982,81.85872947,6.939083505,278.0791793,rice
30,25,31,26.31270635,98.62048026,5.804965067,208.1181381,coconut
95,57,41,23.24925555,73.65346838,6.434610995,184.7674863,jute
33,47,17,24.86803974,48.27531965,8.621514073,63.9187654,mothbeans
117,79,49,25.40909896,82.36208097,6.176644228,112.9794804,banana
108,35,25,23.98143338,61.10935084,6.9719631689999995,161.5279095,coffee
117,30,50,24.90123934,87.20772913,6.744966312000001,46.59207341,watermelon
37,11,36,24.24779615,85.56033312,6.710143266,106.9216033,pomegranate
14,57,15,29.8757015,83.14796296,6.623438282,40.12044158,mungbean
85,33,25,26.20811417,52.50987966,6.910823945,189.0944824,coffee
99,57,35,26.75754171,81.17734011,5.960370061,272.29990560000005,rice
22,30,12,15.78144173,92.51077745,6.354006743999999,119.035002,orange
26,27,10,28.06903173,92.91487288,6.079998496,114.1339416,orange
44,60,55,34.2804607,90.55561637,6.825371185,98.54047745,papaya
134,56,18,23.80834611,83.91902605,6.691268104,70.97358303,cotton
1,132,200,16.27852801,82.94270065,5.620745638,66.57462809,grapes
18,17,31,31.74592134,45.16127859,5.667507706,93.75441586,mango
30,17,31,31.20478173,54.49960506,6.804437106,94.62954663,mango
86,36,24,26.54986394,72.89187265,5.787268394,73.33636055,maize
7,23,35,19.75088482,88.71691157,7.054313822999999,102.5538035,pomegranate
34,71,79,17.927806,15.85622899,7.728998197,74.63872762,chickpea
11,40,23,29.61253065,63.04749127,5.80428611,50.197826899999995,mothbeans
75,38,39,23.44676801,84.79352417,6.215109715,283.9338466,rice
111,87,48,26.3985515,81.36028902,5.571401169,98.16752001,banana
95,74,50,25.90113128,80.47152737,6.002481605,110.10323000000001,banana
22,67,22,29.03017561,64.49166566,7.475926645,54.93937710000001,lentil
56,59,55,37.03551903,91.79430166,6.551892637999999,188.51814219999997,papaya
83,60,36,25.59704938,80.14509262,6.903985986,200.834898,rice
3,136,205,17.5862944,80.84806564,6.334771461,71.40654520000002,grapes
99,55,35,21.7238313,80.2389895,6.501697816,277.9626192,rice
94,50,19,23.30355338,73.62548442,5.873242491,97.59081274,maize
5,23,15,25.66901098,92.04670813,7.408939392000001,112.5424199,orange
102,28,54,25.15623099,80.27525115,6.862157042000001,55.49541453,watermelon
84,39,35,23.17714381,52.13864034,6.959404135,117.31135619999999,coffee
102,73,54,26.4020227,84.41007614,5.720726906,111.01622590000001,banana
30,127,204,22.50050273,92.45878335,6.1264365839999995,100.93439029999999,apple
77,36,37,26.88444878,81.46033732,6.136131869,194.57665590000002,rice
0,65,15,23.46168338,23.22197648,5.645435626,95.84253438,kidneybeans
31,30,29,26.58580443,90.98617591,5.558807063,178.8116076,coconut
26,18,27,27.45907759,92.90736493,5.8360753679999995,142.1430003,coconut
22,9,44,24.72235539,88.87651295,5.744361602000001,112.1926517,pomegranate
27,60,17,26.41768321,63.64698302,7.026795358999999,64.42177127,blackgram
69,51,23,22.21738222,72.85462807,6.80163854,106.62131570000001,maize
111,53,19,23.96436009,78.02763149,6.419536555,84.63148859,cotton
109,21,55,24.900460199999998,89.73524177,6.7702780879999995,57.44942094,watermelon
23,21,26,26.45488737,93.45042636,5.901495543999999,149.2220255,coconut
27,72,23,19.92889503,21.79992115,5.961934481,64.02640797,kidneybeans
118,88,52,28.65003945,82.68752542,5.8431631610000005,98.75084366,banana
107,72,45,28.14938935,81.54448882,5.790768046,91.40508414,banana
39,21,9,13.20844373,94.02769434,6.354022554,106.2696156,orange
84,50,44,25.48591986,81.40633547,5.9353444060000005,182.6549356,rice
116,38,34,23.29250318,50.04557009,6.020947179,183.46858500000002,coffee
94,50,37,25.66585205,80.66385045,6.94801983,209.58697080000002,rice
34,60,23,20.12574053,24.96969858,5.659254981,100.0497183,kidneybeans
22,79,17,21.42451099,20.39659714,5.912289889,116.5206923,kidneybeans
17,59,17,18.416700100000003,23.42829938,5.6898581329999995,132.9801054,kidneybeans
31,72,17,28.69180475,49.47225353,5.833031707999999,96.36222901,pigeonpeas
37,74,15,24.92360104,18.22590825,5.582178402,62.7089169,kidneybeans
12,129,205,22.36238282,91.15761594,6.119432215,118.68327250000002,apple
119,72,55,25.99069521,83.33983116,6.220643671,112.0777152,banana
84,36,28,26.735062199999998,55.55164819,6.119892347,140.63052130000003,coffee
80,18,31,24.02952505,58.84880599,7.303033217,134.6803969,coffee
2,143,196,22.71271308,90.45261746,5.669489065,109.8852597,apple
52,60,79,19.45339934,18.23490739,8.380185271,75.6317566,chickpea
87,21,52,27.350629600000005,94.29119509999998,6.067665497999999,27.21244021,muskmelon
14,67,25,25.28710601,60.85993533,7.2411519360000005,49.37369982,lentil
11,45,19,28.70012137,44.359648,3.8280314630000003,44.11622138,mothbeans
21,29,12,22.30318989,92.15987039,6.438668989,117.3688104,orange
0,67,22,29.82112112,69.4073209,6.5937983870000005,51.56461082,lentil
27,71,23,23.45379018,46.48714759,7.10959773,150.87122019999995,pigeonpeas
35,142,203,21.17089176,90.23730166,5.895319002000001,123.6495149,apple
33,139,203,33.34214482,82.51034633,5.693287415,70.68098614,grapes
18,9,40,19.44623085,89.02127045,5.627186257000001,106.16068329999999,pomegranate
77,52,17,24.86374934,65.7420046,5.714799723,75.82270467,maize
91,41,37,24.48556447,83.20630007,6.132570522999999,192.23162209999998,jute
17,52,17,27.88352946,86.45147631,6.364967184,44.64407105,mungbean
44,75,22,30.0328403,64.14800537,7.574561547,71.21006868,blackgram
117,19,55,28.80311922,91.78336933,6.121745389,25.16359891,muskmelon
101,87,54,29.07311132,76.50045221,6.376756632999999,100.1692639,banana
36,128,204,25.23542319,80.68700527,5.695792761,67.03840888,grapes
29,44,20,30.04132304,63.56222995,8.620107545,31.83192392,mothbeans
40,49,17,31.02215872,45.89239456,6.68727523,53.56783314,mothbeans
40,30,35,20.89273273,91.07776977,6.269663962999999,104.4407083,pomegranate
13,7,43,18.20230419,91.12282162,7.013481515,109.66239740000002,pomegranate
22,26,38,22.92052307,85.12912161,6.988035315,110.2437841,pomegranate
84,51,35,22.30157427,80.64416466,6.043304899,197.97912150000002,rice
71,54,35,26.63952463,70.95705996,7.311077075,199.33557439999998,jute
72,41,36,26.50838667,86.84264005,6.065898282999999,152.9801697,jute
27,10,33,27.81132822,97.48410555,6.4659063329999995,154.06212209999995,coconut
98,7,45,27.79161808,92.51054946,6.157724816,26.85422624,muskmelon
72,60,25,18.52510753,69.0276233,5.773454729,88.10234397,maize
89,41,38,23.12844351,74.68322732,6.344751947000001,199.83629130000003,jute
100,80,52,27.53911354,77.25629897,6.049801781,110.3262123,banana
8,50,21,28.62911222,89.11480590000002,6.2189238929999995,50.49913241,mungbean
135,43,16,23.47986888,81.73049149,6.720449769,86.76287924,cotton
40,45,20,29.37687468,57.69622912,6.878498176,38.34303462,mothbeans
60,36,43,23.43121862,83.06310136,5.286203711000001,219.9048349,rice
1,124,199,23.71059131,93.27392415,5.658473817000001,112.66765890000002,apple
61,51,51,39.30050027,94.16193416,6.574677594,120.9512466,papaya
22,68,16,27.70496805,63.20915034,7.74672376,37.46160727,lentil
107,22,54,27.99611732,90.84660317,6.630301421,21.61893763,muskmelon
115,18,53,29.17052093,94.19790371,6.0124803510000016,22.06994464,muskmelon
39,139,201,41.18664903,81.01783402,5.5399808120000005,68.68895899,grapes
14,18,35,31.09154239,47.02058367,4.791146778,91.46664318,mango
35,64,78,17.92845928,14.27327988,7.496645259,85.37378769,chickpea
120,7,47,24.24782473,83.03687902,6.653867608,54.76576239999999,watermelon
103,72,51,26.12643374,81.81365007,6.099478745,104.4812858,banana
114,21,55,25.4438391,87.93923120000002,6.472756256,57.51549686,watermelon
9,59,24,20.43517772,39.37252634,4.747352458,137.22796619999997,pigeonpeas
6,13,9,34.51423957,90.56151463,7.786725333,118.32719679999998,orange
61,41,44,24.36972377,82.11319791,6.537914957999999,159.92109340000005,jute
13,73,20,30.50420876,35.48885969,5.391560417999999,162.59277230000004,pigeonpeas
16,18,26,28.43647052,91.81320717,5.568365926,145.54144130000003,coconut
14,69,19,20.95628486,63.68128841,7.239455147,52.39881209,lentil
108,23,51,26.84366082,83.85039964,6.106500787000001,40.228644,watermelon
39,140,203,21.11903604,80.63399198,6.349875906,69.27779761,grapes
67,43,39,26.04371967,84.96907151,5.9999690260000005,186.7536773,rice
67,47,44,26.73072391,81.78596776,7.868474653,280.4044392,rice
22,138,195,27.83487131,83.51444973,6.208196881,73.02882766,grapes
101,33,33,26.97251562,62.0183627,6.908671378999999,142.8610793,coffee
35,57,25,27.0956288,42.26206161,8.340398059,71.12710390000002,mothbeans
63,42,21,23.26237612,72.33125523,5.798423907999999,67.10225139,maize
114,8,50,24.74631269,88.30866319,6.581587932000001,57.95826144,watermelon
27,30,31,28.98545306,90.73966792,5.7181203929999995,148.8398374,coconut
0,25,14,19.33516809,91.97978938,6.361671475,116.450422,orange
113,28,48,28.87726019,92.48839665,6.170520517999999,24.44267592,muskmelon
39,73,24,25.65842532,61.18235808,7.22405917,69.28607828,blackgram
40,59,23,36.89163721,62.73178224,5.269084669,163.7266551,pigeonpeas
4,43,18,29.02955344,61.09387478,8.840656256,72.98016599,mothbeans
6,62,22,20.53052663,18.09224048,5.824090984,120.4509288,kidneybeans
19,30,30,29.56549169,91.40896307,5.826381164,224.83157290000003,coconut
25,35,20,28.90245417,43.35365671,8.923095695,71.90018566,mothbeans
71,52,18,25.10787449,55.97732754,5.790770202999999,78.16077693,maize
74,43,23,25.95263264,61.89082199,6.325235159,99.57981207,maize
88,78,45,29.10403455,79.19588629,6.324270089,92.07835761,banana
18,30,29,26.76274930000001,92.86056895,6.4200187170000005,224.5903664,coconut
22,56,17,29.87888063,87.32761241,6.89077995,44.75215854,mungbean
28,35,22,29.53037621,86.73346018,7.156563094,59.87232071,mungbean
4,46,15,31.01274943,62.40392519,3.5047523139999996,63.77192383,mothbeans
8,15,33,28.97318719,98.09861043,5.50158009,213.90110209999997,coconut
86,79,45,27.81251452,82.69285419,5.80766417,99.20961514,banana
4,67,25,23.78709569,24.35679348,5.948164454,119.6404412,kidneybeans
107,58,15,23.73868041,75.77503808,7.55606399,76.63669195,cotton
90,48,45,24.06475727,71.31342851,6.509174788999999,153.63902119999997,jute
93,43,38,23.61475336,86.14290267,6.987332927000001,150.2355238,jute
2,24,38,24.55981624,91.63536236,5.922935513,111.96846219999999,pomegranate
111,40,25,24.48469200000001,84.44932014,6.187455798999999,90.94342484,cotton
59,47,53,32.86316618,91.46188740000001,6.8506632320000005,47.271547,papaya
88,29,51,24.71885473,88.94568335,6.095689937,48.45978627,watermelon
38,55,19,33.18184225,38.23184742,5.864623352000001,198.8298806,pigeonpeas
81,36,38,23.76554749,87.98329901,6.334837865,150.31661519999997,jute
127,53,24,22.21506982,76.17851932,6.127939627999999,70.40557612,cotton
7,40,17,31.212394500000002,40.92604945,8.532078732999999,53.78769958,mothbeans
38,61,21,30.27374995,67.38680755,4.696518678,127.7767134,pigeonpeas
116,28,34,23.44372334,60.39523266,6.42321105,122.2103248,coffee
113,37,20,25.03300222,79.04368718,7.393441155,97.10087029,cotton
66,54,21,25.19008683,60.200168700000006,5.919045532,72.12375573,maize
31,13,33,29.69952329,95.21224392,6.342463714,148.30036919999995,coconut
118,21,34,24.38534644,64.72543073,7.234258375,119.63241090000001,coffee
103,27,31,27.15998538,51.59100753,6.691541233,126.1752206,coffee
23,37,24,28.77833449,44.2252605,7.991902443,33.95825723,mothbeans
60,68,83,19.12065218,18.43475844,6.620900869,85.52950164,chickpea
63,58,22,18.25405352,55.28220433,6.204747652999999,63.72358154,maize
69,57,35,24.30748599,78.54340987,6.1868143920000005,186.2337571,jute
12,66,20,27.41434987,63.41785982,7.336117221,44.43177543,lentil
112,25,51,25.04746944,85.5667282,6.932537231,56.72496677,watermelon
24,131,196,22.03296178,83.74372787,5.732453638,65.34440794,grapes
9,17,32,25.94951662,93.40548703,5.842317989,172.0540491,coconut
53,65,76,20.19137759,16.41998269,8.719960893,77.33795356,chickpea
17,136,196,23.87192332,90.49939035,5.882155987999999,103.05480940000001,apple
0,145,205,21.22503442,90.09877774,5.52078314,113.9760462,apple
29,22,40,23.62600218,89.73266695,6.145104401,107.6836871,pomegranate
38,21,35,20.33691147,89.38003827,5.841367187,110.96531370000001,pomegranate
27,73,79,19.16288268,15.83500655,7.354973451,82.69766829,chickpea
8,28,30,25.51618488,94.33465411,6.015672239,135.1272491,coconut
107,21,26,26.45288458,55.32222678,7.235070264,144.68613359999995,coffee
57,60,84,19.1034283,17.26184541,6.586777189,75.49101167,chickpea
108,94,47,27.35911627,84.54625006,6.387431382999999,90.81250457,banana
11,71,24,21.14011423,22.718235500000002,5.6066203460000015,141.6056722,kidneybeans
72,42,43,26.56767277,80.90424543,6.352771037,181.2915605,jute
27,69,22,17.91652287,24.90814655,5.932323085,69.14681022,kidneybeans
120,25,50,28.05457761,94.81637388,6.327210469,21.84869328,muskmelon
2,21,44,18.92157197,87.31290342,6.56893406,102.8013275,pomegranate
87,6,45,29.82729394,90.79007335,6.40077205,22.84203589,muskmelon
32,68,19,24.62835037,18.18325169,5.514234138,149.7441028,kidneybeans
82,22,45,26.22338015,85.34866045,6.512196212,54.60159289,watermelon
52,65,20,32.81705216,66.15665137,6.814301033,68.83924882,blackgram
31,70,77,20.88818675,14.32313811,6.492546046,90.46228334,chickpea
107,12,46,29.57240298,93.61870344,6.559763394,27.56918621,muskmelon
28,66,23,21.53989176,24.25386207,5.99616119,120.6913038,kidneybeans
91,7,53,25.13735887,89.28272716,6.457216535,43.52897517,watermelon
90,92,55,27.00932084,80.18546798,6.13465588,97.32531705,banana
74,35,40,26.49109635,80.15836264,6.980400905,242.86403419999996,rice
116,40,33,24.91370487,54.15319242,7.042089492000001,129.5481144,coffee
104,47,18,23.965634899999998,76.97696717,7.633437412,90.75616738,cotton
27,22,29,28.83214859,92.17170353,6.000248647,145.41723869999996,coconut
26,56,22,23.05276444,60.424786,7.011121216,52.60285259,lentil
0,21,32,35.89855625,54.25964196,6.430139436,92.19721736,mango
2,123,198,39.64851881,82.21079946,6.253034534,70.39906054,grapes
29,122,196,41.94865736,81.15595212,5.638328481,73.06862952,grapes
28,37,28,32.13409675,50.52559148,6.097869767000001,98.63333684,mango
32,70,20,20.89342749,46.24856523,6.208843215,195.5697875,pigeonpeas
18,23,8,21.49118657,93.43949693,6.41354791,101.4819888,orange
25,27,41,19.20090378,94.27659596,6.9235093710000015,108.0423555,pomegranate
49,55,51,24.87212063,93.90560147,6.676578778,135.16945249999998,papaya
70,68,55,42.84609252,94.63548176,6.691202286,78.80996390000001,papaya
95,39,36,23.86330467,83.15250801,5.561398642,285.2493645,rice
25,143,198,22.81212536,91.51861705,6.027314401,107.855225,apple
85,21,52,29.62800691,90.10051615,6.0751441160000015,23.69586761,muskmelon
103,17,51,25.11189154,80.02621335,6.209888345,44.20656987,watermelon
21,39,20,27.06179658,52.300317299999996,7.388007482999999,60.74583498,mothbeans
4,59,22,29.33743412,49.00323081,8.914074888,42.44054315,mothbeans
10,79,18,21.0643684,55.46985938,5.624731337999999,184.6226709,pigeonpeas
80,43,16,23.55882094,71.59351368,6.657964753,66.71995467,maize
35,57,83,19.48316794,17.44534641,7.476800943,80.4986291,chickpea
103,33,25,27.10210397,55.74973320000001,6.911066044,139.5013171,coffee
29,140,195,23.64082979,90.95257927,5.560521058,116.74313190000001,apple
132,41,22,24.29144926,81.02453404,7.810865753,90.41694635,cotton
108,88,55,26.28845991,83.390039,5.891458107,113.8729798,banana
31,26,9,11.69894639,93.25638873,7.566165721,103.20059920000001,orange
26,67,16,29.10713092,67.90577375,7.17620823,67.83345933,blackgram
35,131,203,22.42776057,93.91722423,5.893490899,102.7230739,apple
84,38,43,26.57421679,73.81994896,7.26158085,159.3223075,jute
16,6,29,29.28725038,91.95614918,5.868285082000001,132.1491176,coconut
34,65,48,41.41968393,90.03863107,6.665024507999999,199.30964319999998,papaya
29,22,43,19.66329768,87.95158129,5.561851831,106.03808049999999,pomegranate
90,46,42,23.97898217,81.45061596,7.50283396,250.0832336,rice
25,63,20,15.78601387,21.14544088,5.502999119,95.17028129,kidneybeans
28,57,17,30.47757686,61.58245338,9.416003106,61.86633917,mothbeans
26,51,25,28.76488954,52.62741529,7.792508067999999,55.21606732,mothbeans
57,64,55,26.68386496,92.95854109999999,6.583760498999999,62.50689682,papaya
0,36,26,34.13072188,51.25786185,5.101206389,96.38808001,mango
36,65,16,25.71269843,64.1123333,7.692013657,50.17067771,lentil
23,75,25,31.07508973,47.19847683,7.077170002000001,91.31256412,pigeonpeas
8,38,32,29.75150773,46.73723302,4.981816523,91.40598299999999,mango
31,29,35,27.1872282,92.19906776,6.137102505,141.3220576,coconut
3,27,44,24.56811204,92.03009222,6.591302797000001,110.96338940000001,pomegranate
37,66,85,20.93175255,18.91295403,6.456148474,78.06910795,chickpea
28,69,16,29.77013109,66.29327012,6.547361617999999,35.69674138,lentil
81,45,35,26.52872817,80.12267476,6.158376967000001,218.9163567,rice
25,21,11,32.23797837,90.15406807,6.460044777999999,104.7052254,orange
75,56,44,25.2746335,73.7459581,6.109478059,168.0432282,jute
79,43,39,21.66628296,80.70960551,7.062779015,210.8142087,rice
37,78,79,19.95264829,14.82633099,7.786366322,88.6810311,chickpea
140,40,17,22.72767171,77.07598065,6.006085786,77.55176318,cotton
9,8,40,22.48720144,89.9224883,6.553509673,111.6631582,pomegranate
31,68,45,42.92325255,90.07600528,6.938313356,196.2408242,papaya
21,20,31,25.60033702,99.72401040000001,5.855457599,165.82487319999996,coconut
65,54,39,23.75091572,71.14782585,7.124571593,160.0889553,jute
3,72,24,36.51268371,57.92887167,6.03160778,122.65396940000001,pigeonpeas
104,80,54,27.09062164,81.33506906,5.879119455,110.1331182,banana
59,62,83,18.57665902,19.22008229,8.104396057999999,72.94940441,chickpea
76,60,39,20.0454142,80.3477562,6.766240045,208.5810155,rice
120,20,45,25.66576039,88.6984228,6.114128685,54.22722466,watermelon
21,44,18,27.06909959,86.89934108,7.12851089,50.46746116,mungbean
83,45,21,18.83344471,58.75082029,5.716222912,79.75328959999999,maize
96,54,22,25.70196694,61.33450447,6.960358276,83.20711308,maize
23,45,23,28.77653519,86.69133979,6.983130466,56.12443206,mungbean
6,124,200,22.98208095,93.84505029,5.971332179,109.5852253,apple
79,42,37,24.87300744,82.84022551,6.587918707999999,295.60944920000014,rice
83,21,28,25.567483199999998,60.49244602,7.4669006829999995,190.22578430000002,coffee
52,56,85,20.118744600000007,14.44228303,6.81712422,88.68168643,chickpea
1,66,23,19.54317155,56.92831399,4.803564468,173.1686574,pigeonpeas
20,50,22,30.99694676,46.42693735,9.406887532999999,38.31597852,mothbeans
105,14,50,26.2148837,87.68839820000002,6.419052193,59.65590798,watermelon
52,71,16,27.74274761,68.53997144,7.0758864720000005,71.78615328,blackgram
118,18,32,27.6496114,51.11044023,6.3518237829999995,122.8392822,coffee
99,15,27,27.0424167,57.27927475,6.5011572079999995,165.6872119,coffee
19,26,29,26.93141945,98.80313612,5.67154928,166.5712879,coconut
64,45,43,25.62980105,83.52842314,5.534878156,209.9001977,rice
35,52,19,27.10606808,89.89593328,6.698574085,37.45680611,mungbean
32,25,35,18.09903225,85.70786282,5.892913826,107.0050976,pomegranate
93,47,37,21.53346343,82.14004101,6.500343222000001,295.9248796,rice
33,57,17,27.89636126,88.71782287,6.78415271,57.79863368,mungbean
112,87,48,27.19711623,77.39706290000002,6.200111067999999,99.46950465,banana
92,35,40,22.17931888,80.33127223,6.3573893660000005,200.0882787,rice
67,60,38,24.79853023,78.53037059,7.16214284,162.2847429,jute
11,34,32,29.14305008,49.40983294,6.831706773,97.55155537,mango
81,49,20,18.04185513,60.61494304,5.513697923,104.2321615,maize
98,8,51,26.179346399999996,86.52258079,6.25933595,49.43050977,watermelon
117,24,53,29.17220859,92.21405224,6.293486295,21.30290472,muskmelon
102,71,48,28.65456263,79.28693687,5.695267822000001,102.4633775,banana
120,40,33,24.23850608,54.30329632,6.73410539,115.1564012,coffee
89,25,34,23.07895447,63.65861483,7.184801627000001,129.8765443,coffee
119,30,49,25.35794749,80.45846265,6.903020221,47.72078245,watermelon
21,139,201,19.3642553,83.36094029,5.980598579,67.15094741,grapes
40,49,47,42.93368602,91.1756748,6.501521192,246.36132680000003,papaya
94,70,48,25.13686519,84.88394407,6.195152442,91.46442491,banana
92,40,30,23.35723208,55.18792166,6.026287448,171.6976946,coffee
87,44,43,23.87484465,86.79261344,6.718725189,177.5147313,jute
20,8,12,25.2990432,94.96419851,7.260416405,117.9733424,orange
111,5,47,28.03306461,91.47355778,6.2744528110000015,21.17924769,muskmelon
24,63,19,19.347944299999998,55.96805489,4.681576043,194.5921148,pigeonpeas
27,59,22,21.81167649,23.20591245,5.794158503999999,130.0608093,kidneybeans
21,63,17,15.77370214,19.230316199999997,5.979973965,108.34414140000001,kidneybeans
93,85,49,27.96799119,79.28625709,5.694243847,119.4765557,banana
13,28,33,28.130115000000004,95.64807631,5.686972967000001,151.0761899,coconut
105,30,50,25.29954705,81.77527562,6.37620108,57.04147057,watermelon
109,12,48,29.45771748,92.12534736,6.708743843,20.76212031,muskmelon
91,21,26,26.33377983,57.36469955,7.261313694,191.65494119999997,coffee
49,76,18,27.05365239,67.7017527,7.393631868,60.4693835,blackgram
48,62,15,25.36586097,66.6379724,7.538631462000001,65.81655892,blackgram
20,60,25,27.325420899999997,69.09047809,6.726469087999999,61.19250859,blackgram
15,36,27,27.78912455,53.96886679,5.6437102160000014,91.01152997,mango
60,43,44,21.01944696,82.95221726,7.416245107000001,298.40184710000005,rice
0,55,22,22.98666928,20.57940608,5.916779289,143.85849380000005,kidneybeans
81,34,30,25.17787724,62.26244581,6.6477659970000005,135.0119649,coffee
40,22,29,27.55821802,99.98187601,5.735364307,174.62564809999995,coconut
110,25,54,28.91105641,90.78413842,6.425930938,23.44398467,muskmelon
28,136,200,23.06204373,92.39544055,6.245858905,114.7399101,apple
98,22,47,29.07265321,91.91533173,6.341400922,28.83568362,muskmelon
11,74,17,21.36383757,69.92375891,6.633864582,46.6352865,lentil
54,65,47,27.92765919,91.55594211,6.7218358789999995,149.91075569999995,papaya
131,49,22,25.49848236,79.9751579,7.306918817000001,67.05961949,cotton
113,38,20,22.10718988,78.58320116,6.364729934,74.94136567,cotton
26,9,32,25.949036399999997,94.73860514,6.470465614,144.15711090000005,coconut
0,133,200,23.67287749,90.4935574,5.708418722,104.22980279999999,apple
88,54,44,25.7354293,83.88266234,6.149410611,233.1321372,rice
10,79,20,24.98287462,66.895409,6.379881442,38.21370568,lentil
92,60,23,18.66746724,71.516474,5.721667141,69.93293255,maize
15,9,11,11.54785707,94.14861001,7.907956251,108.82891709999998,orange
108,22,46,26.17668721,86.72952049999998,6.121168559,53.33484977,watermelon
36,56,20,25.4123765,49.66474269,7.4370782360000005,31.87416982,mothbeans
39,60,15,35.09357419,30.98685456,5.004074623999999,116.91069080000001,pigeonpeas
22,17,26,28.69818144,47.71875722,4.754435025,99.642454,mango
82,23,49,26.81383586,87.21986949,6.873283991,51.70497792,watermelon
30,60,21,28.87667593,62.4901206,5.457871272999999,182.2688175,pigeonpeas
1,48,24,29.34594634,85.60472562,6.232836962,59.03629954,mungbean
25,143,200,23.80436344,92.80441624,6.024248787,100.6192543,apple
63,58,50,43.03714283,94.64288979999999,6.720744449,41.5856585,papaya
28,7,9,34.591784600000004,92.13229786,6.730757538,115.5650287,orange
34,59,18,23.38002569,21.98879437,5.744117663,87.66898664,kidneybeans
30,79,22,18.28766124,69.48515056,6.254216611,48.60449438,lentil
111,28,26,27.77363343,64.47858698,6.937352845,192.7121236,coffee
4,61,21,24.84063998,60.09116626,6.75020529,48.77790371,lentil
20,29,10,29.07412717,93.27189064,7.36549204,100.7896871,orange
18,27,41,22.36509395,92.30882391,7.1753443279999995,104.8216333,pomegranate
115,12,52,27.51492243,94.96218673,6.685553129,21.01796432,muskmelon
26,68,24,28.04849594,64.07691942,7.504930973,37.15824966,lentil
54,61,77,18.81198127,15.21618225,6.206582192999999,77.54294240000002,chickpea
34,47,19,27.31372793,85.44815232,6.568795403999999,53.15223123,mungbean
120,8,46,29.55657523,90.70937262,6.732834334,28.36535596,muskmelon
111,79,53,28.31193338,75.77363772,6.165001277999999,119.695765,banana
23,59,25,27.826262300000003,88.73100226,6.320768488,56.68833819,mungbean
101,11,51,25.50736962,84.24340241,6.792035575,44.2068997,watermelon
117,86,48,28.6956201,82.54195839,6.225225238999999,116.16168390000001,banana
25,57,24,27.65472156,58.59986279,6.974978386,36.94255012,mothbeans
34,21,42,18.75927679,89.93457597,6.648687273999999,111.0196744,pomegranate
32,78,22,23.97081395,62.35557553,7.007037515,53.40906048,lentil
117,56,15,25.99237426,77.0543546,7.368258226,89.1188212,cotton
5,8,5,11.03367937,92.22706805,6.562594972,112.77159250000001,orange
63,47,35,26.98582182,89.05587886,7.432768147000001,193.8778713,jute
1,67,21,27.52135365,60.53657684,6.551577598,48.06491307,lentil
16,51,21,31.01963639,49.97675220000001,3.532008668,32.81296548,mothbeans
3,141,197,21.98141856,91.12719303,6.142803397000001,115.4789148,apple
9,57,24,29.89232778,89.71503316,7.1651211089999975,42.99498978,mungbean
6,144,198,21.11478672,90.31528693,5.559363609,104.5086618,apple
24,140,205,12.087022,83.59398734,5.93202852,68.66813363,grapes
120,48,16,22.46054478,75.40989245,7.456971816,71.85436078,cotton
101,70,48,25.36059237,75.03193255,6.012696655,116.55314550000001,banana
35,48,15,27.10818093,87.45126690000002,6.981758362000001,55.03723979,mungbean
22,62,16,34.6455408,54.32342534,4.828936119,180.90099980000002,pigeonpeas
30,20,38,22.59890174,93.16343942,7.058222596,110.0932899,pomegranate
1,135,203,22.77856513,92.70124029,5.624203283,113.7759219,apple
12,61,19,19.33162606,24.13995025,5.655726817000001,68.51253427,kidneybeans
2,47,15,29.86860065,85.99127934,6.401455706,58.41394143,mungbean
32,56,18,20.0467711,65.84395319,7.135251532000001,46.05333124,lentil
13,75,20,30.55992394,35.29006485,6.979540061,178.8998611,pigeonpeas
42,61,22,26.27274407,62.28814857,7.418650668,70.23207557,blackgram
78,40,38,26.46428311,83.85642678,7.549873681,248.2256491,rice
108,38,24,23.41022496,76.43836957,7.442217061,78.82199603,cotton
16,75,21,18.50692825,23.61670065,5.679224346,87.05132890000002,kidneybeans
2,21,35,25.02887163,91.53720922,6.293662362999999,179.8248944,coconut
11,53,24,28.52396666,55.77264351,7.39389918,61.32935611,mothbeans
31,56,23,31.46846241,35.39454002,5.661826398,174.5723999,pigeonpeas
30,122,197,21.37784654,92.72043743,5.573241391,106.1417017,apple
20,41,20,29.27308605,89.4875022,7.073048264,50.9246554,mungbean
102,53,21,23.03814028,76.11021529,6.913678684,91.49697481,cotton
30,75,81,19.41789736,16.80472243,6.4084378860000015,68.4951189,chickpea
15,77,20,25.13163619,66.92642362,7.399749291,49.04015558,lentil
95,52,36,26.22916897,83.83625819,5.543360237999999,286.5083725,rice
32,129,201,16.36251869,83.00471609,6.48754639,71.55665483,grapes
90,52,25,25.97482359,69.36385721,6.822586546,103.2234212,maize
89,53,44,24.88692811,71.91711523,7.319735475,150.2498675,jute
34,54,24,31.2119298,41.55934359,5.026003659,68.80141783,mothbeans
119,19,55,25.18780042,83.44621709,6.818261382999999,46.87420883,watermelon
14,139,197,21.72484506,92.83975602,6.056529526,121.69617609999999,apple
112,73,48,29.24406380000001,77.32017166,5.7074889870000005,90.66727868,banana
71,35,24,22.27373646,59.52193158,5.826426917,67.96704792,maize
49,68,22,28.56840626,61.53278622,7.127064207,63.49726331,blackgram
104,35,28,27.51006055,50.66687215,6.9837323929999995,143.9955548,coffee
63,37,43,23.41798979,85.08640476,6.661957897000001,185.74467280000002,jute
27,62,24,28.63005477,66.770943,7.353876754,62.273734499999996,blackgram
18,74,15,24.9035819,22.27512704,5.70836603,146.4727237,kidneybeans
47,80,77,17.18248372,16.42891834,7.561108006,72.85017344,chickpea
21,21,38,22.5526059,89.32594859999998,6.327673765,104.89556429999999,pomegranate
2,67,18,34.51934775,47.52980027,5.921666758,129.0064612,pigeonpeas
44,57,53,42.30495821,90.51431779,6.93172108,74.876786,papaya
98,26,49,27.29035669,90.53330091,6.130160472999999,23.49535234,muskmelon
41,78,21,25.19857725,60.37332688,6.581313137,70.88787207,blackgram
42,79,23,27.71678273,63.29103387,6.781841984,68.56507978,blackgram
39,65,23,25.43459777,69.12613376,7.685959305,41.02682925,lentil
43,66,79,19.46233971,15.22538951,7.976607593,74.58565097,chickpea
43,64,47,38.58954491,91.58076549,6.8256647820000005,102.27082309999999,papaya
9,35,20,27.41503453,80.98004661,6.91380932,40.53173216,mungbean
8,16,6,12.22816189,90.26457428,7.106650373,108.4161706,orange
113,30,50,26.03967219,83.9862443,6.277484042999999,43.87712348,watermelon
34,16,25,30.07202564,50.96040505,6.10729559,92.09609766,mango
40,143,201,24.97256132,82.72828653,6.4767577229999995,66.70016285,grapes
10,75,17,18.43966037,68.05394959,7.732194787999999,39.00992137,lentil
115,17,55,27.57826922,94.11878202,6.776533055,28.08253201,muskmelon
10,56,16,28.17432665,81.04554836,6.8281874989999976,36.35720652,mungbean
23,138,200,9.851242629,80.22631717,5.96537863,68.42802444,grapes
32,57,18,15.53834801,23.75560241,5.695422862999999,107.3850593,kidneybeans
8,23,44,18.47412402,89.68919664,7.130837931,108.47585090000001,pomegranate
6,66,15,34.93174223,30.40046769,6.3458060110000005,159.2649827,pigeonpeas
108,89,53,29.12036889,80.18080728,5.908770059,112.39820549999999,banana
20,62,18,29.36358721,64.98742947,7.366542647,61.91208707,blackgram
70,44,19,23.31689124,73.4541537,5.852607099,94.29712821,maize
118,40,35,26.35034208,58.50650238,7.460174812000001,121.5586297,coffee
102,14,52,26.79489868,89.64815231,6.51075991,57.74091817,watermelon
38,14,30,26.92449525,91.20106019,5.5707453860000005,194.90221359999998,coconut
40,45,18,30.43683729,55.20522037,5.261285926,30.92014047,mothbeans
113,41,20,25.0017188,80.53965818,7.256877571,96.32600992,cotton
15,54,15,29.97604322,57.03184356,8.35495812,44.86052932,mothbeans
82,46,41,23.325013100000003,79.79609448,6.581693772,187.3096148,jute
34,6,30,27.0828252,97.00155491,5.948342571,171.7575545,coconut
39,138,203,21.19339319,82.33098331,6.399433771,74.62834921,grapes
86,6,53,25.92030221,83.47202566,6.921847887999999,42.10681516,watermelon
57,57,51,39.01793345,91.48815629,6.99223441,105.88415309999999,papaya
8,45,18,27.93034941,85.42058715,7.011030515,43.25095608,mungbean
39,28,10,31.34920143,91.48247612,7.1819076729999995,109.15498229999999,orange
24,42,23,28.22471276,82.35916228,6.428054409,44.01206619,mungbean
85,35,32,26.24928198,54.28617819,6.854011265,133.1120232,coffee
60,61,78,20.71219282,19.83643308,6.317153205,94.03659867,chickpea
106,85,53,27.199459700000002,78.80860679999998,5.91505509,99.72430835,banana
24,33,35,29.26382931,54.82257868,5.342866119,100.7586226,mango
103,40,30,27.30901814,55.196224,6.3483162570000005,141.48316440000005,coffee
97,35,26,24.91461008,53.74144743,6.334610249,166.2549307,coffee
16,65,16,18.13027797,62.45851612,6.078724107,50.6128521,lentil
13,5,8,23.85340379,90.10522549,7.474710503,103.923226,orange
8,28,37,23.88404783,86.20613842,6.082571701,108.3121789,pomegranate
20,139,202,23.50201428,92.21083961,5.66999105,107.9868949,apple
38,36,21,28.02952623,84.8845732,6.5563729660000005,36.12042927,mungbean
77,58,19,22.8056033,56.50768935,5.7916499329999995,101.59527940000001,maize
24,21,42,20.82210727,87.22815682,6.999014379,109.4429934,pomegranate
88,50,40,25.63215038,79.95150917,7.0518224720000005,182.25822769999996,jute
38,72,21,28.23416057,49.442134499999995,5.902103172,186.5008581,pigeonpeas
30,37,25,29.89129144,80.14487166,7.120032489,54.7960127,mungbean
89,52,45,24.89326318,77.01222585,7.207457207999999,196.469984,jute
123,39,24,25.00755095,78.17952126,7.453106264,86.06411872,cotton
96,18,50,25.331044600000002,84.30533791,6.904241707000001,41.53218699,watermelon
17,64,17,21.02213209,24.93896255,5.662699104,124.61184709999999,kidneybeans
32,120,204,10.38004759,83.44518113,6.138958698,67.39173790000001,grapes
85,53,38,24.90075709,73.84186449,6.5880173079999995,153.8990984,jute
60,49,44,20.77576147,84.49774397,6.244841491,240.08106469999998,rice
28,67,21,21.79792649,63.73086065,6.250994222999999,46.62370222,lentil
107,45,25,23.0865933,83.55546146,7.2277455160000015,71.84080724,cotton
89,91,55,25.08347445,80.26173100000003,6.275572297999999,94.32961456,banana
32,57,22,28.6899851,87.50436797,6.769415887999999,44.56598352,mungbean
105,77,52,29.16226551,76.16151562,5.816622478999999,100.0075679,banana
8,72,17,20.57341244,19.752021799999998,5.711439256,87.87869161,kidneybeans
27,56,20,29.2114218,87.11497805,6.41874299,51.53848218,mungbean
21,51,15,29.36488409,89.1886954,6.679127482,48.30159325,mungbean
108,24,31,24.12832546,56.18107663,6.431899747999999,147.27578180000003,coffee
93,41,17,25.6217169,66.50415474,6.047906679,105.46547029999999,maize
12,20,10,24.45132792,93.10527686,6.528354932,109.4711098,orange
14,19,14,17.68408797,94.35815354,6.699164936,108.0638166,orange
3,63,16,24.38041875,61.18458224,6.868881707999999,53.13946695,lentil
50,59,47,40.76998685,92.09278584,6.7479757320000004,209.8678411,papaya
26,15,6,17.22034507,94.78797376,6.912033409,108.00543429999999,orange
90,42,43,20.87974371,82.00274423,6.502985292000001,202.9355362,rice
89,25,50,27.04863538,91.34685096,6.375923383,25.08146686,muskmelon
37,5,34,25.79490531,93.84150618,5.779032666,152.42387119999995,coconut
0,27,38,22.44581266,89.90147027,6.7380162210000005,109.39059979999999,pomegranate
12,71,19,24.91079638,60.71367427,7.1426110560000025,42.19740397,lentil
3,67,24,17.00067625,19.90790546,5.520880013999999,103.2926407,kidneybeans
16,29,13,32.31944397,93.67804556,6.1969079439999994,117.6236473,orange
74,58,18,20.03728219,56.35606753,6.727303282,109.02414099999999,maize
24,37,21,30.573999,58.22686794,5.818219385,62.74803826,mothbeans
33,77,15,23.89736406,66.32102048,7.8022124370000006,40.74536757,lentil
109,29,28,23.26316991,60.51600210000001,6.724688502999999,194.1755471,coffee
89,47,38,25.52468965,72.24850829,6.002524871,151.8869972,jute
37,23,12,31.52675982,90.50621806,6.395258356,113.11693980000001,orange
7,60,25,28.275317100000002,82.76020821,6.3976367089999995,56.04995423,mungbean
6,140,205,17.66558428,82.92903419,6.313085601,69.8671263,grapes
11,72,20,19.52226241,24.92607153,5.9511774520000005,113.334026,kidneybeans
30,137,200,22.91430043,90.70475565,5.603413172000001,118.6044645,apple
118,33,30,24.13179691,67.22512329,6.362607851,173.32283859999995,coffee
28,123,202,22.76643029,92.12438519,6.442289294,120.4359949,apple
86,15,47,24.04355803,84.18406764,6.423898762,53.78929956,watermelon
37,77,17,36.20970524,31.94550613,5.617122801,191.0658531,pigeonpeas
20,60,22,29.65052947,42.89833235,6.876572502999999,186.9226052,pigeonpeas
14,59,15,21.35135729,22.91244883,5.779090476,146.4548645,kidneybeans
101,92,45,28.22776705,80.64303840000002,5.758054257,98.00403016,banana
23,59,19,21.98560799,24.87304788,5.852046999,129.5650601,kidneybeans
83,94,47,27.39872329,81.10523402,6.4693709539999995,112.1355384,banana
29,71,18,22.17499963,62.13873825,6.410441476,53.46622584,lentil
7,17,10,10.16431299,91.22320999,6.465913274,106.362551,orange
33,61,24,20.04611791,48.93905624,4.567446499,122.4564203,pigeonpeas
35,55,22,30.88883074,52.62696801,8.634929739,55.51932414,mothbeans
118,12,47,27.96872279,92.17444796,6.010739645,28.94766949,muskmelon
119,44,15,22.14593688,82.85975490000001,7.091992365,60.65381719,cotton
60,55,36,26.12797248,80.49172597,7.132389299,150.6326874,jute
28,79,16,24.70626432,60.26854183,6.0521848810000005,53.12442925,lentil
39,57,19,29.32379604,45.93248374,6.421748487,165.4113371,pigeonpeas
37,64,22,17.48189735,18.8251973,5.954665349,121.9401369,kidneybeans
2,39,15,28.07219563,82.9116472,6.478557136,49.61865305,mungbean
4,59,25,27.68515114,81.94268594,6.2271341389999995,54.62243308,mungbean
87,48,25,18.65396672,61.37879671,6.656730007999999,93.62039175,maize
0,137,195,22.4359017,80.18612085,6.329499832000001,65.3973168,grapes
36,76,75,18.38120357,16.63805158,8.736337905,70.52056697,chickpea
68,69,52,25.65492304,92.74501561,6.813383387000001,52.95477913,papaya
25,22,25,33.56150184,45.53556603,5.977413802999999,95.70525913,mango
34,65,19,23.43974653,63.22011726,5.94239222,45.40277297,lentil
30,7,15,33.23453301,91.06053924,7.825531916,115.7659902,orange
36,27,26,26.58413917,95.78923137,6.25449571,171.6262299,coconut
131,52,16,23.65724079,84.47601498,6.486068274,88.54479121,cotton
22,78,76,17.84851658,19.09172907,8.621662982,76.32470713,chickpea
0,23,15,22.56664172,93.37488907,7.598729065,109.8585753,orange
28,58,25,27.481864899999998,62.04814951,6.861640036,37.81123974,lentil
6,68,18,24.388717,62.50453062,6.711341147000001,47.26052494,lentil
40,64,16,16.43340342,24.24045875,5.926676985,140.3717815,kidneybeans
140,38,15,24.1472953,75.88298598,6.021439523,69.91563467,cotton
22,60,24,18.78226261,20.24768314,5.630664753,104.2570723,kidneybeans
0,65,24,28.49584395,62.44616219,7.841496029,53.14531023,lentil
33,59,22,22.64236876,21.59396123,5.946999529,122.3886015,kidneybeans
41,62,15,29.38400259,64.14928485,7.358974541,65.24194361,blackgram
91,7,52,25.07803672,83.46230461,6.4050542429999995,56.39962921,watermelon
29,63,17,30.02629908,67.88811637,7.26154329,66.47264636,blackgram
30,28,30,31.86641378,52.19331595,5.064613314,98.46768642,mango
87,54,20,25.61707368,63.4711755,6.576418207000001,108.8303762,maize
37,56,25,22.05592283,19.60379304,5.774755143999999,126.7265372,kidneybeans
16,80,20,31.24021696,56.67369054,7.3393209289999986,122.0146733,pigeonpeas
119,5,55,29.68846716,94.30111601,6.168757984,26.83924845,muskmelon
85,95,47,25.94019018,78.3422098,6.211833161,119.84796999999999,banana
110,28,46,24.29105004,88.04541346,6.49889585,51.26046418,watermelon
10,71,18,19.54284889,66.34777265,6.151029296,173.11069819999997,pigeonpeas
61,68,50,35.21462816,91.49725058,6.7932454170000005,243.0745066,papaya
39,5,31,27.10134661,93.69979946,5.551963184,150.9502632,coconut
1,30,29,28.33333307,51.39586505,6.4341977560000005,91.67241761,mango
86,26,27,27.13140403,52.89368299,6.081172981,192.4280381,coffee
60,55,45,21.40865769,83.32931909999998,5.935745417000001,287.5766935000001,rice
32,79,22,27.60195453,63.46170674,5.91645379,54.37814199,lentil
25,12,26,28.56973521,95.67906668,6.436314406,134.83703480000003,coconut
80,18,52,27.87317436,91.14849627,6.484799661,24.05207925,muskmelon
3,18,31,31.65333432,48.20662669,6.392313972999999,91.09745581,mango
19,17,39,24.72485577,85.56083187,6.728599215,111.2787584,pomegranate
24,14,33,29.38072512,93.27565685,6.366219551,218.52418509999998,coconut
74,39,38,23.24113501,84.59201843,7.782051312999999,233.0453455,rice
111,88,55,29.44795403,78.34971537,5.505393832999999,96.45042585,banana
99,54,37,21.14347496,80.33502926,5.5948196260000005,198.67309419999998,rice
65,62,51,31.53243779,90.87394933,6.5116248410000015,207.0735119,papaya
69,64,47,40.21199348,94.50766912,6.993473247000001,186.6762324,papaya
112,54,15,25.46228792,81.56641891,6.1754923060000015,76.88582484,cotton
25,62,21,26.73433965,68.13999721,7.040056094,67.15096376,blackgram
101,58,18,25.66891439,81.38103349,6.652143699,78.59595817,cotton
27,74,20,24.69487673,59.96669215,5.8598134160000015,91.95792434,pigeonpeas
110,39,18,24.54795322,75.39752705,7.766259768999999,63.88079866,cotton
7,77,18,20.5591255,60.54880693,6.655918077999999,191.08951090000002,pigeonpeas
81,18,50,26.44019475,80.91934337,6.507110986,47.81847573,watermelon
33,58,24,35.45790488,68.75810535,5.2695042139999995,108.63330459999999,pigeonpeas
117,27,48,26.53259325,82.39053979,6.835268183999999,54.30660782,watermelon
32,145,203,23.83053666,90.84422164,6.406818518,109.5966791,apple
20,73,22,16.03768615,22.33195853,5.976312537999999,130.3900798,kidneybeans
26,18,30,32.06097197,51.08494181,6.336234623999999,96.59816497,mango
9,77,17,21.65845777,63.58337146,6.280725549,38.07659414,lentil
26,37,30,35.39986338,49.45962621,6.166173833999999,97.41054011,mango
25,7,35,28.38503882,99.18843684,5.55771171,189.67113490000003,coconut
32,68,52,32.68067385,92.61715632,6.800321319,248.85929860000002,papaya
13,74,25,24.12192608,61.09533545,6.461618577,44.23629285,lentil
98,43,35,25.40785911,76.44048625,7.319952206,188.6372826,jute
117,26,30,27.92374437,67.96910852,7.079850922,115.23255309999999,coffee
18,19,29,27.59376845,92.48519606,6.206077742000001,162.8432736,coconut
114,20,26,25.55656667,62.67087838,7.27905689,193.5866233,coffee
17,11,32,28.74013335,93.39676499,5.6207337939999995,156.76508230000005,coconut
108,33,31,23.69287069,66.76090123,7.393825704,144.65764240000001,coffee
110,71,54,28.67208915,82.20793613,5.725418961,94.37987496,banana
61,44,17,26.10018422,71.57476937,6.931756557999999,102.2662445,maize
79,59,17,20.37999665,63.73849998,6.644205485,108.5054416,maize
18,66,22,25.87990287,67.55109024,6.347379185,47.89645224,lentil
35,71,17,29.89286629,66.35375127,6.931924962999999,198.1403003,pigeonpeas
106,21,35,25.627354999999998,57.04151119,7.4285236339999985,188.55065359999998,coffee
27,80,15,19.07096165,21.21092266,5.7883869510000014,86.21917578,kidneybeans
22,71,17,18.15300153,19.38602098,5.509295379,107.69079640000001,kidneybeans
35,135,199,21.77466746,80.54942557,6.400719746,69.39630398,grapes
43,61,20,26.87187036,61.61367264,6.804253866,63.51822045,blackgram
40,121,199,26.18159716,81.03886263,6.315586313,66.05911698,grapes
7,63,24,19.55750776,64.45268309,6.8186810860000024,53.04669416,lentil
5,56,24,24.80710166,45.01110015,5.023115055,188.4928637,pigeonpeas
34,38,31,35.37775595,45.58110023,6.4540453289999995,97.41586402,mango
36,140,198,23.34386401,91.47684705,6.28188384,104.4267991,apple
2,40,27,29.73770045,47.54885174,5.9546266039999995,90.09586854,mango
115,48,16,25.54359718,84.09229796,7.175934962,88.94245493,cotton
40,72,77,17.02498456,16.98861173,7.485996067,88.55123143,chickpea
37,70,25,19.73136909,24.89487354,5.819403771,84.06354115,kidneybeans
99,16,30,23.52652084,65.44340921,6.392791654,186.1728203,coffee
83,25,53,26.49195283,80.04678201,6.057697106,57.72799157,watermelon
35,140,197,16.77557314,82.75241875,6.106190557000001,66.76285469,grapes
12,63,17,18.358923,19.37703396,5.717143397,138.414764,kidneybeans
33,60,15,28.95172351,81.67085323,6.5108409279999995,56.51103293,mungbean
23,24,32,28.1218093,46.16888595,5.630619901,93.30247448,mango
60,57,24,18.66116213,61.55327249,6.1212940410000005,75.03247667,maize
136,36,24,22.74446976,80.41198458,7.59781958,90.07326633,cotton
84,37,42,25.49674786,81.13449097,6.691074249,169.92882340000003,jute
109,31,27,23.05951896,50.40609436,6.973839707000001,164.4971875,coffee
5,55,18,33.50876355,45.70976142,7.322097972000001,126.6738117,pigeonpeas
2,140,197,22.69780133,92.82223419,5.53456749,105.05082340000001,apple
11,41,19,26.85911286,41.81420849,5.131779302,44.13827124,mothbeans
34,6,27,25.84726298,90.92669463,5.8607404810000014,147.88889939999999,coconut
93,83,46,29.38254012,83.50423735,5.765308943,109.2486647,banana
100,46,18,24.18586246,76.04203958,6.4316895060000006,69.08056728,cotton
114,40,23,25.53676123,81.13668716,6.7539780610000015,95.4262599,cotton
18,125,204,22.35548159,94.47811755,6.046673619,116.7366261,apple
2,79,15,21.53577883,65.47227704,7.505283615,35.75107592,lentil
27,59,20,28.00937423,52.60950014,4.397698806,36.01203025,mothbeans
21,74,15,29.49096726,67.10604388,6.471862118,153.2504506,pigeonpeas
5,65,16,21.32776028,18.48522915,5.866744372,109.1013261,kidneybeans
28,80,17,19.62207826,18.67170854,5.809419584,144.1567454,kidneybeans
32,141,204,8.825674745,82.89753705,5.536645599,67.235765,grapes
0,29,32,28.05912437,98.3670985,5.8682558579999995,171.65163959999995,coconut
117,43,25,24.68854799,78.51206972,7.839849298,69.31153566,cotton
66,58,35,23.5643831,79.46283115,7.321619041,185.25947,jute
22,123,205,32.44577836,83.88504863,5.896343436,68.73932528,grapes
6,7,7,27.68167318,94.47316879,7.199106204,113.9995146,orange
121,36,24,23.66457347,81.69105088,7.352401887,99.36898373,cotton
60,38,17,18.41932981,64.23580251,6.474476516,76.41312437,maize
77,38,36,21.8652524,80.1923008,5.953933276,224.55501690000003,rice
37,135,205,11.82768186,80.2827185,5.510924848999999,74.10225057,grapes
50,58,23,27.81326852,62.50460464,7.596802025,69.75555541,blackgram
89,85,55,26.671983500000003,76.48541655,6.275384607,91.73358569,banana
50,46,52,31.18298415,90.21646909,6.734005647999999,54.01872359,papaya
99,36,20,20.57981887,65.34583901,6.671085817000001,78.34604471,maize
67,45,38,22.72791041,82.17068809999998,7.300410836,260.8875056,rice
5,18,14,33.105698100000005,93.48447453,7.434118807000001,119.17091129999999,orange
9,16,36,23.77989026,92.93386903,5.893332377999999,106.977723,pomegranate
35,134,204,9.949929082,82.55138983,5.841138354,66.00817551,grapes
75,49,15,21.53574127,71.50905983,5.918263801,102.4852929,maize
26,18,42,19.72620525,89.64934166,6.910374919,108.22872759999998,pomegranate
66,69,47,23.69212243,93.61055571,6.912299695,87.53393983,papaya
96,46,22,20.58314011,69.00128641,6.499936446,66.29390357,maize
7,28,35,30.02086169,46.78393776,4.66910839,96.63721027,mango
28,27,34,32.45465292,50.69693751,6.526654345,95.04871605,mango
112,28,54,24.86094646,85.05318563,6.738030547,55.29563514,watermelon
88,52,39,23.92887902,88.07112278,6.880204617,154.6608736,jute
70,54,46,39.73149053,91.12220596,6.919342407,122.76286529999999,papaya
10,18,35,27.79797651,99.64573002,6.381975465,181.6942283,coconut
13,47,20,29.21780035,87.93724219,6.54450214,43.1386631,mungbean
117,82,45,25.29391516,79.29122198,5.614471478,105.4220251,banana
14,67,22,23.82576704,24.75485098,5.624690247999999,84.64143632,kidneybeans
56,76,16,28.27265858,61.18956161,7.5131510760000015,63.29900785,blackgram
4,20,25,28.93270187,47.94053996,5.664587011,99.9834242,mango
97,22,26,23.60567546,59.68849145,6.074190142000001,185.15680590000002,coffee
14,22,9,17.24944623,91.13772765,6.543191814,112.50905159999998,orange
27,57,24,27.33534897,43.35795962,6.09186275,142.33036769999995,pigeonpeas
26,10,33,28.27298134,96.93649473,6.07071786,198.8234862,coconut
92,81,52,27.39341554,81.4654833,6.4381372789999975,94.31102057,banana
7,63,24,22.95458237,24.03553105,5.858617867,107.7315386,kidneybeans
47,79,78,17.48395377,14.76014523,6.609696734,65.11365631,chickpea
37,57,20,31.100624699999997,44.82069159,7.354286985,70.79934452,mothbeans
42,74,83,19.2582557,14.2804191,7.545258424,65.78042032,chickpea
39,64,52,28.91842453,94.63676767,6.678695788,63.68794608,papaya
35,138,200,21.19909519,90.80819418,5.67130617,103.6838922,apple
82,78,46,25.05802193,84.97323747,5.738678895,110.4408803,banana
38,135,203,23.76121837,93.66164300000001,5.9655513110000005,100.825956,apple
16,70,20,24.80467592,40.1242747,5.6093956,121.56391210000001,pigeonpeas
34,10,14,34.05296914,92.05811721,6.725600855,116.8020848,orange
17,73,18,19.50112224,34.51086611,5.632353113,197.3752649,pigeonpeas
90,39,43,24.44743944,82.286484,6.7693455,190.9684885,jute
56,75,15,30.20157245,60.06534859,7.152272256,66.37171179,blackgram
35,66,47,31.7018373,91.66232213,6.953439161,48.83810592,papaya
33,75,21,33.04687968,68.93875631,6.690655045,62.30278274,blackgram
37,126,196,23.59997268,90.97597665,5.596449493,107.17281909999998,apple
32,25,9,10.35609594,93.75652041,7.796034006,101.1456947,orange
7,21,35,25.76011662,94.65830608,5.764812076,131.24514140000002,coconut
91,35,39,23.79391957,80.41817957,6.970859754,206.2611855,rice
39,70,52,26.26559543,90.79668055,6.65149129,59.49373381,papaya
102,37,25,25.31468463,77.91757121,5.907930899,72.82902109,cotton
82,29,35,26.67377159,52.24226285,6.2468723939999995,156.15438980000005,coffee
7,17,26,34.89226666,48.75613373,6.414526606,91.63074547,mango
39,7,29,27.54273211,94.59086121,6.362544111,150.2012138,coconut
117,81,53,29.50704598,78.20585613,5.507641777999999,98.12565829,banana
36,26,26,30.17294105,51.0845903,6.814630246,95.23444287,mango
91,24,55,26.27061608,83.09194521,6.259086582999999,46.76837499,watermelon
12,39,21,28.99319096,62.85948245,8.183844843,70.4713043,mothbeans
49,55,53,38.4418717,93.63739039,6.544029776,77.71566883,papaya
21,31,32,35.38598705,51.42664176,5.254532213,90.29643888,mango
3,58,21,25.36140526,46.82652785,9.160691747000001,55.60523179,mothbeans
63,50,52,28.64555584,93.22642604,6.751747609,115.8163936,papaya
84,27,29,23.32293161,53.00366334,7.167092586,168.26442869999997,coffee
31,5,14,17.66545409,91.69865887,6.583411671,110.6857506,orange
39,24,39,23.65374106,93.32657504,6.431265737,109.8076178,pomegranate
97,22,50,26.26028739,86.14585891,6.7698937999999975,58.97878791,watermelon
72,41,36,24.09874353,80.57226761,6.187746776,176.8604109,jute
34,59,23,28.56212158,83.24855855,6.935804256,56.48265193,mungbean
31,144,202,11.02105378,80.55557235,5.870600622,68.23963161,grapes
61,53,43,26.40323239,81.05635517,6.349606327,223.36718829999998,rice
9,141,202,21.01245395,81.17931863,6.119495295,66.38448261,grapes
4,40,26,27.58258929,48.56916221,6.720041791,95.8445641,mango
111,5,50,27.59350075,91.79742953,6.399891457000001,24.84266123,muskmelon
27,76,83,19.12829388,14.92241479,6.289614016,89.61857826,chickpea
32,43,22,31.99928579,54.1077461,5.270749441,71.6266696,mothbeans
60,44,23,24.7947077,70.04556743,5.722579819,76.72860067,maize
58,61,15,30.94908189,64.23364112,7.402891666,62.78730907,blackgram
30,120,200,38.06099482,82.24729637,6.234904253,65.70148216,grapes
38,6,25,25.54963273,96.92786777,6.156259104,191.29961569999998,coconut
88,55,45,24.63544858,80.41363018,7.730367824,253.7202781,rice
0,49,18,29.68361658,87.93598094,6.990095452,41.82490236,mungbean
109,36,18,25.40059227,76.53237965,7.524707577,62.51388670000001,cotton
62,56,35,25.97825807,81.65769588,6.235357637999999,163.3488091,jute
38,56,25,25.74095321,45.38497051,7.88118645,67.43488235,mothbeans
60,46,53,24.48620746,92.98254537,6.761953186,183.49095,papaya
27,8,32,27.00648436,96.46168931,5.627860548999998,144.3331315,coconut
57,73,85,18.49311205,14.72115044,7.358099622,91.94595352,chickpea
22,37,20,27.62749466,86.49366929,6.605733067999999,39.26137642,mungbean
73,45,37,23.70467146,74.63745355,6.742688094,181.27839640000002,jute
9,16,39,18.41164435,91.11927248,6.101198974,105.1834976,pomegranate
131,60,17,25.32023717,81.79475917,7.4250413160000015,83.46532547,cotton
17,77,24,20.76952209,18.93146941,5.568456899,109.01937120000001,kidneybeans
114,30,51,29.24908541,90.06998135,6.069171847000001,25.93496537,muskmelon
80,90,47,26.59743595,79.35898915,6.21084479,107.3944717,banana
90,40,39,25.72668885,81.86171563,6.626503893,191.9649389,jute
82,20,54,29.34033587,90.01506395,6.541150335,21.44532907,muskmelon
44,58,18,28.03644051,65.06601664,6.814410927999999,72.49507741,blackgram
32,141,203,21.25941052,92.84416234,5.821347769,109.06584709999998,apple
8,37,33,28.07802689,54.9640534,6.128167757000001,97.45373619,mango
14,37,15,27.96235681,83.97586797,6.581351374,48.9366954,mungbean
48,65,78,17.43732714,14.33847406,7.861128148,73.0926704,chickpea
23,62,85,18.97424756,19.5161216,8.490127142,80.7108745,chickpea
26,80,83,17.08498521,16.14565756,7.528599957000001,71.31007253,chickpea
19,7,10,14.78003032,91.22062116,6.118430299,100.1961762,orange
9,60,23,31.96987867,57.17377029,6.2760043360000015,64.25520357,mothbeans
9,143,197,23.75033085,92.88160462,5.570020684,117.66028270000001,apple
90,86,52,25.85036988,81.95580471,5.793260262,119.08561709999998,banana
18,14,11,28.04799508,90.00621688,6.550814117000001,117.13114979999999,orange
40,21,8,34.90665289,92.87820148,7.418761774,102.1906333,orange
23,5,44,21.20725375,94.26304717,7.16300467,107.5660804,pomegranate
14,8,43,21.92513945,94.46485312,7.051654924,111.71620159999998,pomegranate
25,78,76,17.48042641,15.7559405,7.228963452,66.96980581,chickpea
119,9,50,26.74550678,83.9195902,6.251286661,40.794305,watermelon
35,41,18,28.70562673,81.59200689,6.705008503999999,59.87065439,mungbean
86,40,33,26.138786899999996,52.26311691,7.432322234,136.3027766,coffee
26,72,22,28.76794904,37.57792132,4.674941549,91.72084869,pigeonpeas
23,57,19,32.83963757,67.99803573,7.251000789,73.40452716,blackgram
86,59,35,25.78720567,82.11124033,6.946636369,243.5120414,rice
99,70,46,26.59580783,82.99556744,5.727469947,100.51233409999999,banana
32,79,15,23.90910104,20.74619325,5.706198621,81.60211243,kidneybeans
34,15,34,27.05826457,91.10510371,5.677282677999999,224.70069530000004,coconut
4,6,7,23.01014302,91.11764246,6.708889665,112.67382959999999,orange
120,23,55,27.84492803,91.60666594,6.732049075,26.47844429,muskmelon
30,30,35,25.00872392,95.59224018,6.001936419,165.8092179,coconut
90,14,52,24.84740848,89.20454622,6.391858432,59.67927244,watermelon
69,66,49,40.00439101,90.17015833,6.52711001,92.11877372,papaya
29,145,205,22.81227579,92.12992101,6.212302608,109.33835520000001,apple
95,21,47,27.93114233,93.56161439,6.431970877,20.66127836,muskmelon
26,135,203,33.78372897,81.16314317,5.6851027689999984,74.53557341,grapes
27,65,18,20.10993761,23.22323766,5.59503163,73.36386477,kidneybeans
13,132,203,23.60115364,82.48336987,6.423216506,73.23901752,grapes
14,18,30,29.80747243,52.13797867,5.191265116,95.74606104,mango
35,67,49,41.31330062,91.1508798,6.617066674,239.7427554,papaya
126,50,19,24.69457084,81.7358876,6.6287228360000015,78.58494391,cotton
112,17,28,27.62975458,61.26002598,6.777417989,196.64926640000002,coffee
13,16,8,34.74004942,93.12316972,6.949838549,100.19678540000001,orange
23,55,16,21.01142393,69.69141302,5.111488821,185.2039114,pigeonpeas
49,72,15,31.55846339,67.83563765,7.137004749,74.86960831,blackgram
5,21,38,22.43377991,90.3396556,6.107054807999999,112.45969699999999,pomegranate
108,60,17,22.75805656,76.75768356,6.558902588,97.76600619,cotton
31,121,201,23.15791104,90.34396882,5.731535257999999,110.712841,apple
22,51,16,27.96583691,61.34900107,8.639586199,70.10472076,mothbeans
26,50,19,27.3179125,51.66921088,6.005242945,32.55919573,mothbeans
91,50,40,20.82477109,84.1341879,6.462391607000001,230.22422230000004,rice
7,144,195,22.96388477,93.58065995,5.85648105,104.64729859999998,apple
24,45,19,26.85851927,48.8246387,5.9523849570000005,34.7426459,mothbeans
8,7,10,28.262048800000002,91.98317355,6.929216014,105.21322590000001,orange
26,35,31,33.44619894,53.05980465,5.339556562,98.05089394,mango
34,65,47,23.48546973,93.71043692,6.833768535,191.7760562,papaya
12,29,13,22.45616931,91.52781832,7.57125447,118.0069295,orange
31,48,17,28.88078945,86.94206817,6.594739424,53.79732545,mungbean
100,6,53,29.05248036,93.92217834,6.105909623,23.66620626,muskmelon
11,46,24,27.65280218,89.80650642,6.4592520229999995,56.52558045,mungbean
25,65,21,33.86351172,68.59232289,6.880245789,69.24464096,blackgram
21,21,30,27.69819273,51.41593238,5.403908327999999,100.7720705,mango
70,68,45,33.83508569,92.85470152,6.991626158,203.4044028,papaya
5,77,19,31.08564994,66.68832981,6.2420520129999995,175.9303271,pigeonpeas
40,16,35,31.89356292,49.02450149,6.4841522000000005,89.59371481,mango
95,12,51,25.76484262,84.17269959999999,6.681606702000001,44.22066914,watermelon
88,5,47,25.86475496,86.67468041,6.662244646,41.16554802,watermelon
27,56,22,19.91853092,20.70099804,5.833010957999999,108.6434544,kidneybeans
113,20,48,27.46583649,94.87679041,6.440584681,27.27899847,muskmelon
68,58,38,23.22397386,83.03322691,6.336253525,221.2091958,rice
17,136,195,41.20733624,81.61051026,6.389783283,65.90227462,grapes
23,35,18,26.4908332,47.36534833,5.414492777,36.99362831,mothbeans
117,25,53,29.11858526,92.12543021,6.413927319,24.52020164,muskmelon
65,37,40,23.35905428,83.59512273,5.333322606,188.41366499999998,rice
24,142,202,22.53779727,91.48135786,5.710819862,101.8474768,apple
4,47,20,25.97948991,64.95585424,4.193189124,72.19245835,mothbeans
39,25,36,18.90223032,94.99897537,5.567805185,107.6103211,pomegranate
28,145,202,19.2077707,82.90428409999998,6.4843231889999995,66.83113717,grapes
0,74,17,23.33375853,64.50515776,7.240988401,47.01510708,lentil
78,50,43,25.12417673,85.72530641,6.348441469,159.5718087,jute
95,16,46,27.076726500000003,90.14362622,6.74669542,24.4514648,muskmelon
6,139,199,25.67385024,81.6212135,6.29099842,74.10919422,grapes
49,69,82,18.31561493,15.36143547,7.26311855,81.78710463,chickpea
6,47,18,29.16174608,80.28038146,6.715276662999999,40.16545979,mungbean
29,11,5,23.13338811,91.94670335,7.639788459,104.4224145,orange
39,76,76,19.96837462,15.57324389,8.135900726000001,69.15759062,chickpea
32,121,199,39.37102553,81.25353895,6.129812716,74.08101744,grapes
93,81,50,27.71822477,76.57853189,6.0360792660000016,102.20998359999999,banana
23,75,17,24.87425505,64.00213929,7.198076286,48.28137482,lentil
34,61,49,28.12971499,93.32107370000001,6.502675132,117.82019070000001,papaya
85,58,41,21.77046169,80.31964408,7.038096361,226.6555374,rice
80,15,28,23.11438731,68.00096043,6.703270635,161.8944624,coffee
8,23,38,19.30106297,87.1775172,7.005410734,105.4766591,pomegranate
90,23,54,28.55852465,90.45773041,6.1590208639999995,27.26588346,muskmelon
2,123,205,22.36629253,90.78572467,5.739652177000001,124.9831618,apple
36,7,37,19.8671184,86.35590206,5.782435567,108.3168858,pomegranate
4,24,43,22.40423537,88.1508343,7.199504273,109.8695196,pomegranate
59,60,84,19.03025305,18.66725565,7.690962337999999,94.70992037,chickpea
31,62,52,33.7960155,93.00754254,6.99104104,182.02680700000002,papaya
29,70,15,30.33499674,63.54718862,6.872594461,74.16699119,blackgram
24,53,17,28.95451232,89.07866095,6.421271178,57.65901369,mungbean
45,61,78,19.48649305,16.06240074,6.489389282,81.52842690000001,chickpea
22,55,20,33.95309131,69.96100028,7.423530351,61.16350463,blackgram
2,129,201,22.78234161,94.36803516,5.682343744,122.1449949,apple
5,126,197,12.80000387,81.20876367,6.417500829,67.10439401,grapes
11,60,23,27.33684386,88.50229102,7.033012777000001,51.09802625,mungbean
99,29,55,29.19378695,91.46241065,6.660954816,26.48240255,muskmelon
28,72,84,18.72963144,19.18197264,6.481783042999999,71.58010169,chickpea
38,77,22,28.234828999999998,69.3159965,6.313284267999999,35.36831423,lentil
62,52,16,22.27526694,58.84015925,6.9670577620000005,63.87020584,maize
15,14,8,10.01081312,90.22399223,6.22094286,119.3941064,orange
37,52,47,43.08022702,93.90305729,6.54277684,211.8529059,papaya
34,60,16,31.35730791,64.24992106,7.322555222999999,63.85668948,blackgram
14,29,32,35.63627319,48.97047762,6.942520105,97.51952041,mango
91,53,40,26.52723513,81.41753846,5.386167788,264.6148697,rice
13,67,18,30.5753044,34.75591197,5.384762927000001,177.5764304,pigeonpeas
26,24,34,31.27180992,52.23810152,6.811291098,89.74409017,mango
69,55,38,22.70883798,82.63941394,5.70080568,271.3248604,rice
95,75,45,28.98333432,82.95958244,5.829898502000001,109.02256399999999,banana
100,35,36,25.31042337,72.01364411,6.346715209,190.5577618,jute
37,50,23,29.65296893,88.48587386,6.5304707,56.01913159,mungbean
111,5,55,26.283443,84.42478917,6.520663422,50.78669728,watermelon
89,45,36,21.32504158,80.47476396,6.442475375,185.49747319999997,rice
95,13,46,29.84070774,93.76312893,6.126019932,23.28207838,muskmelon
6,9,12,31.08368929,90.14362642,7.0287464060000024,109.68946580000001,orange
84,55,38,26.874838899999997,79.78725152,6.956682742999999,173.1017097,jute
8,59,18,29.50523036,35.72032498,6.216814453,187.8961851,pigeonpeas
126,38,23,25.36243778,83.63276077,6.176716425,88.43618918,cotton
31,55,22,22.91350245,21.33953114,5.8731718939999995,109.22555600000001,kidneybeans
27,71,24,31.46417866,48.17631461,7.064973419,165.40535400000005,pigeonpeas
23,23,27,34.72413192,51.4271781,5.161148592,97.31258083,mango
52,68,78,17.48504075,16.96070581,6.89655198,86.05078037,chickpea
29,57,20,25.60973447,50.7330069,5.87707519,53.39249517,mothbeans
84,57,25,22.53510514,67.99257471,6.489040367,64.40866039,maize
9,25,41,24.81530144,91.90842992,5.972714857000001,109.28534180000001,pomegranate
56,67,78,17.57445618,16.71826572,8.255450758,77.81891424,chickpea
42,59,55,40.10207731,94.35110201,6.979102243,149.1199989,papaya
36,125,196,37.46566825,80.65968681,6.15526103,66.83872293,grapes
5,15,38,18.26233221,88.16779129,5.709380472,108.0756727,pomegranate
16,56,17,33.80020039,40.03262418,7.4454448829999995,176.6165894,pigeonpeas
74,46,45,25.75734909,88.36668522,6.025028997000001,189.42634850000002,jute
2,36,31,30.90225239,49.95955487,5.73171945,91.77522598,mango
13,8,12,25.16296632,92.54736032,7.105904818,114.3117197,orange
42,62,75,18.17912258,18.90426935,7.010570541,81.84997529,chickpea
4,136,204,29.93707596,81.77713468,5.898944282,65.52279323,grapes
96,41,40,23.58419277,72.00460848,6.090060478,190.4242157,jute
11,10,45,22.63045168,88.45577158,6.397995609,109.0357597,pomegranate
108,89,53,29.55054817,78.06762846,5.808497603999999,99.34482238,banana
36,144,196,23.65167552,94.50528753,6.496934492,115.3611268,apple
123,50,16,23.04920461,75.53835214,6.4980521079999995,70.65644296,cotton
32,13,42,23.50128217,92.97527546,5.786058032000001,106.61905,pomegranate
44,64,54,29.80744318,91.38048469,6.74274935,232.70461260000002,papaya
33,47,46,29.20300896,93.96834049,6.839443833,209.4083305,papaya
89,22,52,24.89681131,86.10782926,6.217300786,53.14626213,watermelon
81,18,50,26.80750629,88.22874955,6.429788072999999,58.79889057,watermelon
120,16,51,27.99901833,91.64193051,6.547041902999999,23.28618248,muskmelon
31,36,29,33.93679864,52.72170281,6.460542749,97.4611918,mango
56,50,52,33.08706051,92.25197542,6.770384816,88.1300769,papaya
3,23,30,29.70143197,95.65754365,6.078807239,215.1968037,coconut
100,17,48,29.72791119,94.29753295,6.367800632000001,26.52364146,muskmelon
72,40,38,20.41447029,82.20802629,7.592490617,245.1511304,rice
118,45,23,23.37044424,77.43198948,7.977651226,71.67870701,cotton
122,48,16,24.65425757,75.6350708,6.307585854,61.82980133,cotton
38,51,52,32.66160599,90.78931681,6.927803911,78.85085502,papaya
83,38,35,25.70822684,52.88667115,7.18915558,136.73250919999998,coffee
107,51,22,24.86560781,78.22080815,5.983075895,79.56866268,cotton
98,27,27,24.71384065,51.29142534,7.238109556,197.6439711,coffee
71,54,16,22.61359953,63.69070564,5.7499144210000015,87.75953857,maize
56,57,48,31.56213762,93.0484859,6.506120752,63.62250788,papaya
19,120,195,18.73932187,81.12109244,5.931538447,73.55807954,grapes
29,35,28,28.347161100000005,53.53903102,6.9674177660000005,90.40260445,mango
108,26,52,28.82629037,94.26765349,6.201797639,26.23838511,muskmelon
24,80,22,16.71170642,19.17651433,5.635993966,96.77285817,kidneybeans
53,67,17,31.77681682,69.01852894,7.296972161,61.46892873,blackgram
10,9,28,29.01256899,94.01014388,6.282955072999999,150.05003119999995,coconut
99,12,52,28.69708334,94.30759855,6.002927293,22.21807088,muskmelon
100,32,26,25.234661,57.53161469,6.043485685,124.22617369999999,coffee
37,65,16,22.835202399999996,18.97267518,5.683548308,63.59276673,kidneybeans
133,57,19,23.54234715,75.98203329,7.947011366,84.12536744,cotton
9,38,25,34.58561471,50.34035336,5.4979468989999996,100.3060719,mango
26,122,202,22.44516988,94.73763514,5.617227184,107.1843273,apple
77,55,43,25.49941707,75.99987588,6.663559451,193.71418280000003,jute
36,38,15,28.36363858,87.59810657,6.3206620120000006,57.99524359,mungbean
118,21,51,24.42998931,86.33904774,6.678805092,48.58241822,watermelon
76,51,18,26.16985907,71.96246617,6.247040422,79.84925393,maize
18,36,23,24.01825377,53.76623369,7.2140786210000005,35.03404425,mothbeans
76,56,39,24.39459498,89.89106506,6.551130445,197.1220049,jute
35,64,15,28.47442276,63.53604453,6.500144962,69.5274407,blackgram
22,55,16,23.793715300000002,68.03209183,6.516317561,49.73922097,lentil
68,62,50,33.20258348,92.76437927,6.9777002679999995,197.52825819999998,papaya
94,5,55,28.585464899999998,91.89216849,6.085682343999999,26.88372572,muskmelon
16,35,31,32.27652024,50.19368841,5.316875978000001,95.99487068,mango
1,6,35,27.02269204,95.71935435,6.231662767,147.16824590000004,coconut
29,25,14,30.49183837,90.4582865,7.781988584,113.33021049999999,orange
73,43,42,26.58361011,78.00774772,6.310699968,154.8238864,jute
61,64,52,43.30204933,92.83405443,6.6410987079999995,110.562229,papaya
39,129,203,34.38922481,83.18392806,5.863996687,71.03001556,grapes
36,80,21,33.64769646,48.41490082,7.066087261,100.46732779999999,pigeonpeas
12,6,8,30.84835031,92.86773675,6.388617138,107.41426809999999,orange
37,144,197,11.18994268,80.8084305,6.415555956,66.34234944,grapes
7,141,195,23.881245800000002,93.45067555,5.514253142,104.9116663,apple
58,51,47,42.13473976,91.70445386,6.757470637000001,197.402901,papaya
8,60,18,31.21629982,46.01868196,3.808429173,53.1205277,mothbeans
83,58,45,25.75528612,83.51827127,5.875345751,245.6626799,rice
19,39,17,29.2808618,81.8009244,6.890156495,44.47427436,mungbean
61,59,17,23.33844615,59.24580604,6.47444292,105.0083144,maize
79,51,16,25.33797709,68.49835977,6.586244581,96.46380213,maize
38,15,27,33.7462686,48.50387598,6.777788126,92.26439205,mango
67,51,24,23.50297882,61.32026065,5.584171461,64.77791424,maize
103,16,49,24.06731461,81.64075303,6.915717008,51.75212401,watermelon
99,73,53,26.29039046,81.06003778,5.8717022110000014,118.67303659999999,banana
31,58,15,28.31886863,60.19461399,6.167855382000001,45.36521251,lentil
40,51,17,28.66086349,86.12194568,6.860602782000001,50.01534317,mungbean
101,37,18,22.92360984,82.68738535,7.63737841,92.91915074,cotton
107,34,32,26.77463708,66.4132686,6.78006386,177.7745075,coffee
99,19,33,27.536454700000004,55.51673151,6.273741983,130.6377143,coffee
44,76,22,27.26458947,68.01232937,7.775306272000001,68.91754359,blackgram
83,58,23,19.74213321,59.66263104,6.381201909,65.50861389,maize
37,18,30,27.63551259,99.34854917,6.38488418,157.91715369999997,coconut
35,72,21,34.03619494,64.28791388,7.741418772,66.85510868,blackgram
44,47,45,38.73218907,94.73613484,6.5794413039999995,218.14214700000002,papaya
36,68,20,17.06104474,23.77201471,5.86442953,81.83420522,kidneybeans
20,68,17,30.11873003,60.11680815,6.578714842999999,71.72980375,blackgram
13,121,196,22.20700989,93.50574163,6.443382913,120.1593771,apple
52,73,79,17.25769499,18.74943955,7.840339388999999,94.00287214,chickpea
83,23,55,26.89750174,83.89241484,6.463271076,43.97193745,watermelon
39,37,15,28.9973145,83.78911515,6.821747052,59.84499208,mungbean
16,15,42,19.67832052,89.08935702,6.890784045,108.5468633,pomegranate
10,55,23,21.18853178,19.63438599,5.728233081,137.1948633,kidneybeans
103,42,17,24.29470232,84.61527627,6.527541661,81.05902285,cotton
69,67,52,27.71948962,94.43877142,6.827305908,82.83061083,papaya
85,27,45,26.071375699999997,88.7285657,6.467095849,57.79652846,watermelon
44,74,85,20.18649426,19.63719995,7.150681303,78.26039559,chickpea
54,66,52,36.56769731,93.79503425,6.867554147000001,104.42185959999999,papaya
82,24,26,24.31274458,53.57285558,6.089443602999999,184.4103931,coffee
31,58,15,27.11026483,84.96771717,7.121571293,51.52617423,mungbean
4,41,20,28.14720892,83.8001509,6.6479655079999995,37.44800463,mungbean
12,80,19,21.91041045,65.21662467,5.962001484,36.10211371,lentil
29,25,35,28.357507199999997,91.64509299,5.542873799,160.73069909999995,coconut
19,65,25,18.09551014,18.29318436,5.6250964460000015,144.7902323,kidneybeans
119,90,48,28.66725136,79.59242542,5.986442306,118.25834409999999,banana
33,134,205,21.0365275,94.33919546,6.08551916,114.74127340000001,apple
31,137,196,22.14464104,93.82567435,6.400321212000001,120.63107839999999,apple
92,75,45,29.01207743,77.95192527,5.674403358999999,90.43495443,banana
10,5,5,21.21306973,91.35349216,7.8178464960000005,112.9834361,orange
50,60,47,32.57720726,92.74889453,6.92791761,93.7942847,papaya
18,26,31,32.611261400000004,47.74916499,5.418475257000001,91.10190759,mango
62,49,37,24.21744605,82.85284045,7.479248124,166.13658859999995,jute
106,70,55,25.86824781,78.52399914,5.74055541,116.30195549999999,banana
104,17,46,25.7131428,80.22972777,6.190015912000001,43.08961827,watermelon
7,15,32,25.03512351,95.89739958,6.182232762000001,174.796583,coconut
26,64,22,25.95058595,40.58227261,5.16516459,109.1821183,pigeonpeas
29,138,197,22.19055385,92.43764169,5.830892252000001,121.6622761,apple
89,25,54,24.69368934,85.56967628,6.353107392999999,48.99390828,watermelon
85,25,47,26.11440416,87.64081095,6.29542477,58.48160844,watermelon
17,58,25,31.12896766,43.58788762,6.455592696,32.76742894,mothbeans
28,75,21,24.774194899999998,50.54621094,6.007508163,114.2821387,pigeonpeas
20,19,35,34.17719782,50.62161586,6.113935087000001,98.00687989,mango
63,43,19,18.51816776,55.53128131,6.6419063529999995,90.988051,maize
37,38,32,31.85744939,45.53106268,5.417340525,91.55845821,mango
31,25,12,18.05142392,90.03969587,7.016482298,111.7793889,orange
7,126,203,16.76201707,82.00335557,5.662140095,73.28712806,grapes
15,123,204,22.52709326,92.54780429,6.365972687999999,115.3830068,apple
80,52,39,26.41915161,76.85691248,7.165696848,197.2101782,jute
40,22,6,24.53610067,91.90997228,6.488221135,115.9787989,orange
35,69,23,16.78791503,24.96881755,5.578410206,75.45328039,kidneybeans
70,43,40,24.35564134,88.80391021,6.176860192,169.11680280000004,jute
50,55,16,28.81460716,65.33538112,7.581442888,62.26242533,blackgram
9,10,10,22.3551049,93.52211892,6.010391864,101.5164589,orange
15,133,199,23.99686172,91.61001707,5.8247786360000005,117.6102915,apple
11,18,42,21.57936934,94.88267728,5.938528744,102.8593382,pomegranate
19,51,25,26.80474415,48.23991436,3.5253661,43.87801983,mothbeans
21,26,27,27.00315545,47.67525434,5.6995869720000005,95.85118326,mango
34,133,202,15.31413469,80.09711412,5.804799142,74.82144653,grapes
101,13,54,25.42900869,82.91481799,6.828982708,56.34144589,watermelon
49,71,76,19.71098332,17.63879418,6.613072145,85.57925437,chickpea
0,19,31,25.51791333,94.38420565,6.271952832999999,178.7297725,coconut
12,29,40,19.68291173,89.75272999,6.594037135,111.2818551,pomegranate
94,89,48,28.55980972,84.51602322,5.653437902,111.08430290000001,banana
9,76,25,28.88302142,50.12323801,5.70951224,179.2155874,pigeonpeas
16,7,8,22.79196751,90.60901895,6.420457311,116.5084074,orange
22,60,18,19.59221047,61.28633405,6.74398035,41.7704893,lentil
33,14,35,27.14865285,96.66355213,6.027707171,149.2433497,coconut
7,56,18,18.31357543,24.32991649,5.698371311,76.14153904,kidneybeans
85,52,45,26.31355498,82.36698992,7.224285503,265.5355937,rice
24,73,20,19.63736208,32.31528909,4.608695247,176.4134092,pigeonpeas
8,45,15,28.09568993,60.98353839999999,4.61136408,33.84110759,mothbeans
83,57,19,25.73044432,70.74739256,6.877869005,98.73771338,maize
20,77,23,34.87248659,38.83786012,5.180271502,148.25027859999997,pigeonpeas
93,53,38,26.92995077,81.91411159,7.069172227,290.67937830000005,rice
37,71,16,26.28663931,68.51966729,7.324863481,46.13833007,lentil
120,87,52,28.076445500000002,76.05522115,5.905494703,118.99235729999998,banana
70,47,17,24.61291180000001,70.4162444,6.600827017,104.1626147,maize
17,64,18,36.75087487,58.25799145,6.07938452,124.60281529999999,pigeonpeas
99,57,38,24.80624984,82.09281674,6.356295567999999,156.3616174,jute
9,122,201,29.58748357,80.91934392,5.570290539,68.06417307,grapes
22,59,23,27.32220619,51.27868781,4.371745575,36.5037914,mothbeans
8,33,29,29.98080499,49.48613279,6.442393461,91.82271568,mango
99,38,21,22.88330922,71.59722446,6.352471866,67.72777298,maize
80,45,42,23.1426498,74.99739774,7.3803962620000005,151.9035477,jute
28,123,198,23.46260321,91.45665004,5.682751473,111.7763395,apple
100,52,19,23.45969093,82.44777468,7.903528672999999,93.50153555,cotton
51,72,75,18.88852533,14.99451145,7.1042247970000005,80.11133840000002,chickpea
25,48,21,28.438096999999996,83.48991368,6.267684328,52.55469976,mungbean
40,17,15,21.35093384,90.9492967,7.871063004,107.0862095,orange
12,78,23,16.06522754,18.72479695,5.99812453,88.06638775,kidneybeans
110,15,48,28.57819995,92.86597437,6.2125672110000005,27.59871780000001,muskmelon
1,30,10,11.89925671,91.34663797,7.291405641,103.5771468,orange
99,6,46,28.61475136,94.22253035,6.39637861,28.98574189,muskmelon
30,61,18,27.14911056,67.02664337,6.157782589,52.50812701,lentil
4,20,41,24.26601316,93.7974061,6.537042717,104.5375109,pomegranate
8,120,201,21.18667419,91.13435689,6.3211521920000004,122.233323,apple
57,56,78,17.34150229,18.75626255,8.861479668,67.9545435,chickpea
110,39,25,22.60612115,77.34264002,7.208795456,75.13617229,cotton
29,54,16,27.78031515,54.65030015,8.153022903,32.05025323,mothbeans
95,27,55,28.47212559,91.21322065,6.160414414,20.88620369,muskmelon
16,73,19,18.41645629,34.80541039,4.684079249,163.27474730000003,pigeonpeas
13,30,37,20.86474944,91.61793636,6.277148771,106.86856359999999,pomegranate
113,33,34,26.00373964,62.144510200000006,6.5598171610000025,153.477776,coffee
101,25,52,29.09910406,94.22237826,6.750145572,22.52497327,muskmelon
24,27,9,18.86883219,93.24688124,6.157135092000001,119.3936976,orange
36,56,83,18.89780215,19.76182946,7.4526709,69.09512477,chickpea
12,20,39,19.86173586,86.19740917,6.026999326,111.0217929,pomegranate
130,59,19,25.07278712,82.50257909,6.520403794,93.51042684,cotton
83,9,45,25.85483596,89.13163965,6.049609892,46.85176955,watermelon
3,56,17,28.19912143,53.50567601,8.709291687999999,52.13580529,mothbeans
4,69,19,19.25100056,47.70351758,5.374358869,149.063196,pigeonpeas
19,78,16,20.65375833,23.10538637,5.967533236,67.71768947,kidneybeans
119,30,28,26.35770906,64.57578034,6.5052036960000015,163.62694960000005,coffee
14,75,24,24.54757829,57.3414485,6.436160044,118.36065570000001,pigeonpeas
31,40,22,29.40889385,86.16063492,6.365513634,53.35486977,mungbean
9,77,17,20.12373284,24.45202552,5.783425416,106.158201,kidneybeans
118,88,51,25.44926208,79.49221962,6.201911642000001,100.6619171,banana
32,14,37,22.73031253,88.48567856,6.825256236,104.6843243,pomegranate
34,62,55,27.58548913,90.72526502,6.585346229,238.5008779,papaya
36,11,13,17.34083741,93.04897191,7.1917274,112.7194284,orange
82,35,44,26.96656378,78.21047693,6.239011,169.8391177,jute
74,55,19,18.05033737,62.89366992,6.28886807,84.23613484,maize
24,67,22,20.120043,22.89845607,5.618844277000001,104.6252153,kidneybeans
55,67,16,34.37329112,69.69366426,6.596719015,70.27184748,blackgram
39,64,53,23.01240180000001,91.07355541,6.598860305,208.3357976,papaya
13,22,5,19.667056,90.50096668,7.764040111,100.1737964,orange
111,5,52,29.8843055,94.0371147,6.135996372,21.0000988,muskmelon
108,92,53,27.40053601,82.96221306,6.276800323,104.9378,banana
1,15,9,29.98364695,94.55239717,7.53350946,115.3560318,orange
2,56,23,26.65333029,59.79023382,7.5500909410000006,36.91852635,mothbeans
116,25,50,29.26092798,92.92367701,6.088885814,28.70627683,muskmelon
78,43,42,21.32376327,83.00320459,7.283736617000001,192.31975359999998,rice
82,24,33,26.53543168,67.09608099,6.809593554,120.64944340000001,coffee
0,26,31,25.0707247,95.02156793,5.547933273,192.90363059999999,coconut
30,44,16,29.73013036,82.89166381,6.442335592999999,50.91511275,mungbean
32,66,17,34.9466155,65.26774011,7.162357641,70.1415139,blackgram
12,8,10,16.14820285,91.4448027,7.9958489770000005,107.42876640000001,orange
118,31,34,27.54823036,62.88179198,6.123796057000001,181.41708119999998,coffee
6,8,11,24.35590861,92.39651663,6.600948787999999,119.69465770000001,orange
20,45,22,29.5888162,89.9939693,6.904587016,54.96121262,mungbean
86,55,21,21.54156232,59.64024162,6.803931519,109.7515385,maize
29,128,198,22.44075021,92.70785115,5.685062404,121.4977331,apple
112,49,25,25.68959532,77.90621048,6.4701354779999996,66.19426787,cotton
139,35,15,25.248679,83.4630147,5.898293044,86.55517751,cotton
107,43,18,22.426733,81.53480799,6.745104394,65.54475812,cotton
84,21,55,28.47090661,94.79453182,6.4942510239999995,21.08484101,muskmelon
0,5,36,24.35193812,90.88612388,6.152906502,105.52918500000001,pomegranate
40,61,22,20.94981756,65.8108757,7.002216044,44.23913012,lentil
31,60,24,25.40474421,65.8567539,7.7223359920000005,51.92057267,lentil
14,23,25,26.18552389,96.96637916,5.6121227970000005,135.4186222,coconut
40,68,17,34.1262979,65.14877461,7.733149554,70.40795007,blackgram
40,70,20,31.80130272,45.03186173,5.623490042999999,147.03614419999997,pigeonpeas
39,24,31,33.55695561,53.72979826,4.757114897,98.67527561,mango
20,72,15,36.00415838,56.01334416,7.313517308,134.8596466,pigeonpeas
57,67,25,32.34744009,66.61452812,7.551364319,64.55882254,blackgram
14,76,20,29.05941162,62.10652364,7.042474679,36.5011366,lentil
36,43,24,27.09400578,43.65305437,3.510404312,41.53749535,mothbeans
6,69,19,26.88630675,41.69617915,4.7509292180000005,94.46748008,pigeonpeas
32,55,51,29.60718808,93.15642801,6.57398033,62.68710535,papaya
81,53,42,23.67575393,81.03569343,5.17782304,233.7034975,rice
38,62,25,32.7477393,67.77954584,7.453975408,63.37784443,blackgram
4,134,200,28.57828803,80.95628959,5.840256272,73.34232097,grapes
45,47,55,38.419162799999995,91.14220381,6.751452932,119.2653877,papaya
62,42,36,22.78133816,82.06719137,6.430010215,248.7183228,rice
10,78,18,18.54141834,62.70637578,6.296976913,44.07819743,lentil
63,44,41,24.17298839,83.7287574,5.583370042,257.0343554,rice
3,68,16,18.31910448,34.69776639,4.964887857,107.4721605,pigeonpeas
84,29,49,29.94349168,93.90741192,6.251420275,20.39020503,muskmelon
20,72,19,32.47648301,64.34848735,7.397190844,65.82045699999999,blackgram
59,63,18,31.65531175,60.13263713,6.52669158,66.69096751,blackgram
27,8,30,26.44600063,98.29937782,6.008386282999999,221.22581680000002,coconut
97,8,52,24.9103226,86.97190046,6.237861736,49.48575692,watermelon
34,73,15,20.97195263,63.83179889,7.630424082999999,53.10207889,lentil
87,35,25,21.44526922,63.1621551,6.178056304,65.88951188,maize
106,46,20,23.43821725,78.63388824,6.2006719760000015,81.15072105,cotton
49,55,78,18.65580107,16.17772668,7.863113671,81.70769297,chickpea
29,67,21,29.79181107,63.38789228,6.621323612,63.02169909,blackgram
87,60,23,20.27317074,63.91281869,6.439071996,62.50351892,maize
7,11,32,29.25902906,95.11294697,5.542169138999999,184.7624496,coconut
117,32,34,26.2724184,52.12739421,6.758792552,127.17529280000001,coffee
40,24,25,28.70595247,50.44030129,5.445008416,95.8946444,mango
95,30,52,29.48069921,90.33698678,6.640470862999999,26.036576800000002,muskmelon
60,37,39,26.59104992,82.94164078,6.033485257000001,161.2469997,jute
98,26,52,27.33897716,90.69759008,6.150090898999999,28.69113835,muskmelon
34,45,21,28.18837136,82.60629652,6.2873801170000005,37.01110438,mungbean
21,62,24,33.49077065,62.73317204,6.8473828910000005,65.45328463,blackgram
69,60,54,36.32268069,93.06134398,6.98992719,141.1736926,papaya
60,58,51,42.07213781,92.92203105,6.840802254,165.7412972,papaya
93,20,50,29.93061247,93.22980899,6.448792688999999,24.34814338,muskmelon
38,61,52,31.22790131,94.94021378,6.620729882000001,46.44279118,papaya
75,54,36,26.29465461,84.56919326,7.023936392,257.4914906,rice
27,64,15,20.16080524,24.84207559,5.514927264,138.2362122,kidneybeans
3,69,23,28.67408774,63.18832976,7.2993607670000005,42.96018627,lentil
90,49,21,24.84016732,68.3584573,6.4725232870000005,74.05474936,maize
22,133,201,23.81995682,80.12211649,6.00299607,67.27398640000001,grapes
33,77,21,30.32992227,65.62971858,7.01285529,71.64631281,blackgram
74,40,40,25.13842773,83.12053888,6.386259977999999,169.33884650000005,jute
110,7,45,26.63838589,84.69546874,6.189213927000001,48.32428609,watermelon
2,38,33,32.38697531,53.232824300000004,4.691396195,90.21633216,mango
29,36,25,28.28511547,88.4393979,7.130278657000001,48.56690235,mungbean
78,35,44,26.54348085,84.67353597,7.072655622,183.62226569999999,rice
83,11,53,29.54097171,92.91778307,6.163921247999999,21.9653077,muskmelon
17,30,27,29.03065024,90.79093862,5.894027065,205.57203669999998,coconut
33,80,22,28.57006111,65.71765781,6.593961761,70.0866434,blackgram
21,137,196,23.6119202,91.70293849,5.812781806,123.5900822,apple
99,39,18,19.20129357,68.30578978,6.11275104,87.85092352,maize
17,67,18,31.2192752,56.46868874,5.611510977000001,129.20286529999998,pigeonpeas
40,120,197,23.80593812,92.48879468,5.889480679,119.6335548,apple
7,20,12,16.53460397,94.76759975,6.475275337,110.0447896,orange
83,7,45,29.08417927,90.73891887,6.704104127000001,25.33014238,muskmelon
40,11,44,24.45840036,86.10874614,6.322396027000001,111.3779693,pomegranate
78,37,22,25.34217103,63.31801994,6.330554389,74.52082026,maize
114,8,52,29.34081108,94.55135390000001,6.419083092,28.22908103,muskmelon
67,55,44,26.284017,75.14640198,7.251847296,182.2685447,jute
27,139,205,22.48403042,93.40819246,5.7721799460000005,105.54736270000001,apple
